datetime,order_date,trading_date,instrument_id,instrument,buyOrSell,openOrClose,price,openPrice,count,count_back,ID,tradeId,mul,flag,model_flag,status,fee
2023-01-03,2023-01-03,2023-01-03,A2305,A,-1,0,4649.21942198928,4649.21942198928,21,21,416319918652,416319918652,10,0,pre_1,open,195.26721572354975
2023-01-03,2023-01-03,2023-01-03,A2305,A,-1,1,4649.21942198928,4649.21942198928,21,21,416319918652,416319918652,10,0,pre_1,close,195.26721572354975
2023-01-04,2023-01-04,2023-01-04,A2305,A,-1,0,4691.403459215824,4691.403459215824,21,21,416322366695,416322366695,10,0,pre_1,open,197.03894528706465
2023-01-04,2023-01-04,2023-01-04,A2305,A,-1,1,4691.403459215824,4691.403459215824,21,21,416322366695,416322366695,10,0,pre_1,close,197.03894528706465
2023-01-04,2023-01-04,2023-01-04,AG2306,AG,-1,0,3804.3411043409474,3804.3411043409474,17,17,416324567631,416324567631,15,0,pre_1,open,194.02139632138835
2023-01-04,2023-01-04,2023-01-04,AG2306,AG,-1,1,3804.3411043409474,3804.3411043409474,17,17,416324567631,416324567631,15,0,pre_1,close,194.02139632138835
2023-01-05,2023-01-05,2023-01-05,AG2306,AG,1,0,3775.483012707649,3775.483012707649,17,17,416327135708,416327135708,15,0,pre_1,open,192.5496336480901
2023-01-05,2023-01-05,2023-01-05,AG2306,AG,1,1,3775.483012707649,3775.483012707649,17,17,416327135708,416327135708,15,0,pre_1,close,192.5496336480901
2023-01-06,2023-01-06,2023-01-06,A2305,A,1,0,4654.604618230967,4654.604618230967,21,21,416329389800,416329389800,10,0,pre_1,open,195.49339396570065
2023-01-06,2023-01-06,2023-01-06,A2305,A,1,1,4654.604618230967,4654.604618230967,21,21,416329389800,416329389800,10,0,pre_1,close,195.49339396570065
2023-01-06,2023-01-06,2023-01-06,AG2306,AG,1,0,3661.458357961445,3661.458357961445,18,18,416331493518,416331493518,15,0,pre_1,open,197.71875132991804
2023-01-06,2023-01-06,2023-01-06,AG2306,AG,1,1,3661.458357961445,3661.458357961445,18,18,416331493518,416331493518,15,0,pre_1,close,197.71875132991804
2023-01-09,2023-01-09,2023-01-09,A2305,A,1,0,4655.502150937914,4655.502150937914,21,21,416333639857,416333639857,10,0,pre_1,open,195.53109033939242
2023-01-09,2023-01-09,2023-01-09,A2305,A,1,1,4655.502150937914,4655.502150937914,21,21,416333639857,416333639857,10,0,pre_1,close,195.53109033939242
2023-01-09,2023-01-09,2023-01-09,AG2306,AG,-1,0,3642.454248837077,3642.454248837077,18,18,416336032049,416336032049,15,0,pre_1,open,196.69252943720218
2023-01-09,2023-01-09,2023-01-09,AG2306,AG,-1,1,3642.454248837077,3642.454248837077,18,18,416336032049,416336032049,15,0,pre_1,close,196.69252943720218
2023-01-10,2023-01-10,2023-01-10,A2305,A,-1,0,4695.891122750562,4695.891122750562,21,21,416338227071,416338227071,10,0,pre_1,open,197.22742715552363
2023-01-10,2023-01-10,2023-01-10,A2305,A,-1,1,4695.891122750562,4695.891122750562,21,21,416338227071,416338227071,10,0,pre_1,close,197.22742715552363
2023-01-11,2023-01-11,2023-01-11,A2305,A,-1,0,4739.870225391001,4739.870225391001,21,21,416341905668,416341905668,10,0,pre_1,open,199.07454946642207
2023-01-11,2023-01-11,2023-01-11,A2305,A,-1,1,4739.870225391001,4739.870225391001,21,21,416341905668,416341905668,10,0,pre_1,close,199.07454946642207
2023-01-11,2023-01-11,2023-01-11,AG2306,AG,1,0,3659.3467902809593,3659.3467902809593,18,18,416343649692,416343649692,15,0,pre_1,open,197.60472667517183
2023-01-11,2023-01-11,2023-01-11,AG2306,AG,1,1,3659.3467902809593,3659.3467902809593,18,18,416343649692,416343649692,15,0,pre_1,close,197.60472667517183
2023-01-12,2023-01-12,2023-01-12,AG2306,AG,-1,0,3702.28199978416,3702.28199978416,18,18,416345894185,416345894185,15,0,pre_1,open,199.92322798834462
2023-01-12,2023-01-12,2023-01-12,AG2306,AG,-1,1,3702.28199978416,3702.28199978416,18,18,416345894185,416345894185,15,0,pre_1,close,199.92322798834462
2023-01-12,2023-01-12,2023-01-12,A2305,A,1,0,4712.046711475622,4712.046711475622,21,21,416347442319,416347442319,10,0,pre_1,open,197.90596188197614
2023-01-12,2023-01-12,2023-01-12,A2305,A,1,1,4712.046711475622,4712.046711475622,21,21,416347442319,416347442319,10,0,pre_1,close,197.90596188197614
2023-01-13,2023-01-13,2023-01-13,A2305,A,-1,0,4753.333215995218,4753.333215995218,21,21,416350877126,416350877126,10,0,pre_1,open,199.63999507179915
2023-01-13,2023-01-13,2023-01-13,A2305,A,-1,1,4753.333215995218,4753.333215995218,21,21,416350877126,416350877126,10,0,pre_1,close,199.63999507179915
2023-01-16,2023-01-16,2023-01-16,A2305,A,-1,0,4780.25919720365,4780.25919720365,20,20,416352920068,416352920068,10,0,pre_1,open,191.210367888146
2023-01-16,2023-01-16,2023-01-16,A2305,A,-1,1,4780.25919720365,4780.25919720365,20,20,416352920068,416352920068,10,0,pre_1,close,191.210367888146
2023-01-17,2023-01-17,2023-01-17,AG2306,AG,1,0,3729.732379630468,3729.732379630468,17,17,416355780421,416355780421,15,0,pre_1,open,190.2163513611539
2023-01-17,2023-01-17,2023-01-17,AG2306,AG,1,1,3729.732379630468,3729.732379630468,17,17,416355780421,416355780421,15,0,pre_1,close,190.2163513611539
2023-01-18,2023-01-18,2023-01-18,A2305,A,-1,0,4870.012467898424,4870.012467898424,20,20,416357339154,416357339154,10,0,pre_1,open,194.80049871593695
2023-01-18,2023-01-18,2023-01-18,A2305,A,-1,1,4870.012467898424,4870.012467898424,20,20,416357339154,416357339154,10,0,pre_1,close,194.80049871593695
2023-01-18,2023-01-18,2023-01-18,AG2306,AG,1,0,3740.2902180328942,3740.2902180328942,17,17,416359472350,416359472350,15,0,pre_1,open,190.7548011196776
2023-01-18,2023-01-18,2023-01-18,AG2306,AG,1,1,3740.2902180328942,3740.2902180328942,17,17,416359472350,416359472350,15,0,pre_1,close,190.7548011196776
2023-01-19,2023-01-19,2023-01-19,A2305,A,-1,0,4900.528579934647,4900.528579934647,20,20,416361747987,416361747987,10,0,pre_1,open,196.02114319738587
2023-01-19,2023-01-19,2023-01-19,A2305,A,-1,1,4900.528579934647,4900.528579934647,20,20,416361747987,416361747987,10,0,pre_1,close,196.02114319738587
2023-01-19,2023-01-19,2023-01-19,AG2306,AG,-1,0,3753.663480009301,3753.663480009301,17,17,416363812414,416363812414,15,0,pre_1,open,191.43683748047437
2023-01-19,2023-01-19,2023-01-19,AG2306,AG,-1,1,3753.663480009301,3753.663480009301,17,17,416363812414,416363812414,15,0,pre_1,close,191.43683748047437
2023-01-20,2023-01-20,2023-01-20,AG2306,AG,-1,0,3639.638825263097,3639.638825263097,18,18,416366376591,416366376591,15,0,pre_1,open,196.54049656420725
2023-01-20,2023-01-20,2023-01-20,AG2306,AG,-1,1,3639.638825263097,3639.638825263097,18,18,416366376591,416366376591,15,0,pre_1,close,196.54049656420725
2023-01-30,2023-01-30,2023-01-30,A2305,A,1,0,4950.79041152372,4950.79041152372,20,20,416369449643,416369449643,10,0,pre_1,open,198.03161646094878
2023-01-30,2023-01-30,2023-01-30,A2305,A,1,1,4950.79041152372,4950.79041152372,20,20,416369449643,416369449643,10,0,pre_1,close,198.03161646094878
2023-01-31,2023-01-31,2023-01-31,A2305,A,1,0,4971.433663783518,4971.433663783518,20,20,416371067742,416371067742,10,0,pre_1,open,198.85734655134073
2023-01-31,2023-01-31,2023-01-31,A2305,A,1,1,4971.433663783518,4971.433663783518,20,20,416371067742,416371067742,10,0,pre_1,close,198.85734655134073
2023-02-02,2023-02-02,2023-02-02,A2305,A,-1,0,4979.511458146048,4979.511458146048,20,20,416373149162,416373149162,10,0,pre_1,open,199.18045832584193
2023-02-02,2023-02-02,2023-02-02,A2305,A,-1,1,4979.511458146048,4979.511458146048,20,20,416373149162,416373149162,10,0,pre_1,close,199.18045832584193
2023-02-03,2023-02-03,2023-02-03,A2305,A,1,0,5004.642373940584,5004.642373940584,19,19,416376264167,416376264167,10,0,pre_1,open,190.1764102097422
2023-02-03,2023-02-03,2023-02-03,A2305,A,1,1,5004.642373940584,5004.642373940584,19,19,416376264167,416376264167,10,0,pre_1,close,190.1764102097422
2023-02-03,2023-02-03,2023-02-03,AG2306,AG,-1,0,3775.483012707649,3775.483012707649,17,17,416378710631,416378710631,15,0,pre_1,open,192.5496336480901
2023-02-03,2023-02-03,2023-02-03,AG2306,AG,-1,1,3775.483012707649,3775.483012707649,17,17,416378710631,416378710631,15,0,pre_1,close,192.5496336480901
2023-02-06,2023-02-06,2023-02-06,AG2306,AG,1,0,3660.0506461744544,3660.0506461744544,18,18,416380827858,416380827858,15,0,pre_1,open,197.64273489342054
2023-02-06,2023-02-06,2023-02-06,AG2306,AG,1,1,3660.0506461744544,3660.0506461744544,18,18,416380827858,416380827858,15,0,pre_1,close,197.64273489342054
2023-02-06,2023-02-06,2023-02-06,A2305,A,1,0,4983.101588973838,4983.101588973838,20,20,416382312054,416382312054,10,0,pre_1,open,199.32406355895355
2023-02-06,2023-02-06,2023-02-06,A2305,A,1,1,4983.101588973838,4983.101588973838,20,20,416382312054,416382312054,10,0,pre_1,close,199.32406355895355
2023-02-07,2023-02-07,2023-02-07,A2305,A,1,0,5006.43743935448,5006.43743935448,19,19,416384531272,416384531272,10,0,pre_1,open,190.24462269547027
2023-02-07,2023-02-07,2023-02-07,A2305,A,1,1,5006.43743935448,5006.43743935448,19,19,416384531272,416384531272,10,0,pre_1,close,190.24462269547027
2023-02-08,2023-02-08,2023-02-08,AG2306,AG,-1,0,3519.279467475437,3519.279467475437,18,18,416387499811,416387499811,15,0,pre_1,open,190.04109124367358
2023-02-08,2023-02-08,2023-02-08,AG2306,AG,-1,1,3519.279467475437,3519.279467475437,18,18,416387499811,416387499811,15,0,pre_1,close,190.04109124367358
2023-02-10,2023-02-10,2023-02-10,AG2306,AG,1,0,3521.391035155922,3521.391035155922,18,18,416390144101,416390144101,15,0,pre_1,open,190.15511589841978
2023-02-10,2023-02-10,2023-02-10,AG2306,AG,1,1,3521.391035155922,3521.391035155922,18,18,416390144101,416390144101,15,0,pre_1,close,190.15511589841978
2023-02-10,2023-02-10,2023-02-10,A2305,A,-1,0,4963.355869420988,4963.355869420988,20,20,416392456459,416392456459,10,0,pre_1,open,198.5342347768395
2023-02-10,2023-02-10,2023-02-10,A2305,A,-1,1,4963.355869420988,4963.355869420988,20,20,416392456459,416392456459,10,0,pre_1,close,198.5342347768395
2023-02-13,2023-02-13,2023-02-13,AG2306,AG,1,0,3484.7905286941777,3484.7905286941777,19,19,416394395872,416394395872,15,0,pre_1,open,198.63306013556812
2023-02-13,2023-02-13,2023-02-13,AG2306,AG,1,1,3484.7905286941777,3484.7905286941777,19,19,416394395872,416394395872,15,0,pre_1,close,198.63306013556812
2023-02-14,2023-02-14,2023-02-14,A2305,A,1,0,4953.483009644563,4953.483009644563,20,20,416397852778,416397852778,10,0,pre_1,open,198.13932038578253
2023-02-14,2023-02-14,2023-02-14,A2305,A,1,1,4953.483009644563,4953.483009644563,20,20,416397852778,416397852778,10,0,pre_1,close,198.13932038578253
2023-02-14,2023-02-14,2023-02-14,AG2306,AG,1,0,3484.0866728006827,3484.0866728006827,19,19,416399182871,416399182871,15,0,pre_1,open,198.59294034963892
2023-02-14,2023-02-14,2023-02-14,AG2306,AG,1,1,3484.0866728006827,3484.0866728006827,19,19,416399182871,416399182871,15,0,pre_1,close,198.59294034963892
2023-02-15,2023-02-15,2023-02-15,AG2306,AG,-1,0,3464.37870778282,3464.37870778282,19,19,416401303168,416401303168,15,0,pre_1,open,197.46958634362076
2023-02-15,2023-02-15,2023-02-15,AG2306,AG,-1,1,3464.37870778282,3464.37870778282,19,19,416401303168,416401303168,15,0,pre_1,close,197.46958634362076
2023-02-15,2023-02-15,2023-02-15,A2305,A,1,0,4955.278075058459,4955.278075058459,20,20,416403823502,416403823502,10,0,pre_1,open,198.21112300233835
2023-02-15,2023-02-15,2023-02-15,A2305,A,1,1,4955.278075058459,4955.278075058459,20,20,416403823502,416403823502,10,0,pre_1,close,198.21112300233835
2023-02-16,2023-02-16,2023-02-16,A2305,A,1,0,5001.052243112793,5001.052243112793,19,19,416405306566,416405306566,10,0,pre_1,open,190.03998523828616
2023-02-16,2023-02-16,2023-02-16,A2305,A,1,1,5001.052243112793,5001.052243112793,19,19,416405306566,416405306566,10,0,pre_1,close,190.03998523828616
2023-02-20,2023-02-20,2023-02-20,A2305,A,1,0,5044.133813046285,5044.133813046285,19,19,416407087743,416407087743,10,0,pre_1,open,191.6770848957588
2023-02-20,2023-02-20,2023-02-20,A2305,A,1,1,5044.133813046285,5044.133813046285,19,19,416407087743,416407087743,10,0,pre_1,close,191.6770848957588
2023-02-20,2023-02-20,2023-02-20,AG2306,AG,1,0,3435.5206161495216,3435.5206161495216,19,19,416409745434,416409745434,15,0,pre_1,open,195.82467512052276
2023-02-20,2023-02-20,2023-02-20,AG2306,AG,1,1,3435.5206161495216,3435.5206161495216,19,19,416409745434,416409745434,15,0,pre_1,close,195.82467512052276
2023-02-21,2023-02-21,2023-02-21,AG2306,AG,-1,0,3489.013664055148,3489.013664055148,19,19,416411581625,416411581625,15,0,pre_1,open,198.87377885114347
2023-02-21,2023-02-21,2023-02-21,AG2306,AG,-1,1,3489.013664055148,3489.013664055148,19,19,416411581625,416411581625,15,0,pre_1,close,198.87377885114347
2023-02-22,2023-02-22,2023-02-22,A2305,A,-1,0,5026.18315890733,5026.18315890733,19,19,416413995150,416413995150,10,0,pre_1,open,190.99496003847855
2023-02-22,2023-02-22,2023-02-22,A2305,A,-1,1,5026.18315890733,5026.18315890733,19,19,416413995150,416413995150,10,0,pre_1,close,190.99496003847855
2023-02-23,2023-02-23,2023-02-23,AG2306,AG,1,0,3524.2064587299024,3524.2064587299024,18,18,416415059917,416415059917,15,0,pre_1,open,190.30714877141472
2023-02-23,2023-02-23,2023-02-23,AG2306,AG,1,1,3524.2064587299024,3524.2064587299024,18,18,416415059917,416415059917,15,0,pre_1,close,190.30714877141472
2023-02-23,2023-02-23,2023-02-23,A2305,A,1,0,5072.854859668612,5072.854859668612,19,19,416417416922,416417416922,10,0,pre_1,open,192.76848466740728
2023-02-23,2023-02-23,2023-02-23,A2305,A,1,1,5072.854859668612,5072.854859668612,19,19,416417416922,416417416922,10,0,pre_1,close,192.76848466740728
2023-02-24,2023-02-24,2023-02-24,A2305,A,-1,0,5045.031345753232,5045.031345753232,19,19,416419673803,416419673803,10,0,pre_1,open,191.71119113862284
2023-02-24,2023-02-24,2023-02-24,A2305,A,-1,1,5045.031345753232,5045.031345753232,19,19,416419673803,416419673803,10,0,pre_1,close,191.71119113862284
2023-02-27,2023-02-27,2023-02-27,AG2306,AG,1,0,3465.7864195698103,3465.7864195698103,19,19,416420038121,416420038121,15,0,pre_1,open,197.5498259154792
2023-02-27,2023-02-27,2023-02-27,AG2306,AG,1,1,3465.7864195698103,3465.7864195698103,19,19,416420038121,416420038121,15,0,pre_1,close,197.5498259154792
2023-02-27,2023-02-27,2023-02-27,A2305,A,-1,0,5032.465887855964,5032.465887855964,19,19,416422054963,416422054963,10,0,pre_1,open,191.23370373852663
2023-02-27,2023-02-27,2023-02-27,A2305,A,-1,1,5032.465887855964,5032.465887855964,19,19,416422054963,416422054963,10,0,pre_1,close,191.23370373852663
2023-02-28,2023-02-28,2023-02-28,AG2306,AG,-1,0,3433.4090484690364,3433.4090484690364,19,19,416424241512,416424241512,15,0,pre_1,open,195.70431576273506
2023-02-28,2023-02-28,2023-02-28,AG2306,AG,-1,1,3433.4090484690364,3433.4090484690364,19,19,416424241512,416424241512,15,0,pre_1,close,195.70431576273506
2023-03-02,2023-03-02,2023-03-02,A2305,A,1,0,5008.232504768375,5008.232504768375,19,19,416426805893,416426805893,10,0,pre_1,open,190.31283518119827
2023-03-02,2023-03-02,2023-03-02,A2305,A,1,1,5008.232504768375,5008.232504768375,19,19,416426805893,416426805893,10,0,pre_1,close,190.31283518119827
2023-03-02,2023-03-02,2023-03-02,AG2306,AG,-1,0,3465.7864195698103,3465.7864195698103,19,19,416428453669,416428453669,15,0,pre_1,open,197.5498259154792
2023-03-02,2023-03-02,2023-03-02,AG2306,AG,-1,1,3465.7864195698103,3465.7864195698103,19,19,416428453669,416428453669,15,0,pre_1,close,197.5498259154792
2023-03-06,2023-03-06,2023-03-06,AG2306,AG,1,0,3472.121122611266,3472.121122611266,19,19,416430572638,416430572638,15,0,pre_1,open,197.9109039888422
2023-03-06,2023-03-06,2023-03-06,AG2306,AG,1,1,3472.121122611266,3472.121122611266,19,19,416430572638,416430572638,15,0,pre_1,close,197.9109039888422
2023-03-07,2023-03-07,2023-03-07,A2305,A,1,0,4934.634822798661,4934.634822798661,20,20,416432567824,416432567824,10,0,pre_1,open,197.38539291194644
2023-03-07,2023-03-07,2023-03-07,A2305,A,1,1,4934.634822798661,4934.634822798661,20,20,416432567824,416432567824,10,0,pre_1,close,197.38539291194644
2023-03-07,2023-03-07,2023-03-07,AG2306,AG,1,0,3498.867646564079,3498.867646564079,19,19,416434695277,416434695277,15,0,pre_1,open,199.43545585415254
2023-03-07,2023-03-07,2023-03-07,AG2306,AG,1,1,3498.867646564079,3498.867646564079,19,19,416434695277,416434695277,15,0,pre_1,close,199.43545585415254
2023-03-08,2023-03-08,2023-03-08,AG2306,AG,1,0,3470.0095549307807,3470.0095549307807,19,19,416436296292,416436296292,15,0,pre_1,open,197.7905446310545
2023-03-08,2023-03-08,2023-03-08,AG2306,AG,1,1,3470.0095549307807,3470.0095549307807,19,19,416436296292,416436296292,15,0,pre_1,close,197.7905446310545
2023-03-08,2023-03-08,2023-03-08,A2305,A,-1,0,4912.196505124967,4912.196505124967,20,20,416437897058,416437897058,10,0,pre_1,open,196.4878602049987
2023-03-08,2023-03-08,2023-03-08,A2305,A,-1,1,4912.196505124967,4912.196505124967,20,20,416437897058,416437897058,10,0,pre_1,close,196.4878602049987
2023-03-09,2023-03-09,2023-03-09,AG2306,AG,1,0,3376.396721095934,3376.396721095934,19,19,416440131927,416440131927,15,0,pre_1,open,192.45461310246824
2023-03-09,2023-03-09,2023-03-09,AG2306,AG,1,1,3376.396721095934,3376.396721095934,19,19,416440131927,416440131927,15,0,pre_1,close,192.45461310246824
2023-03-09,2023-03-09,2023-03-09,A2305,A,1,0,4877.192729554005,4877.192729554005,20,20,416442470054,416442470054,10,0,pre_1,open,195.0877091821602
2023-03-09,2023-03-09,2023-03-09,A2305,A,1,1,4877.192729554005,4877.192729554005,20,20,416442470054,416442470054,10,0,pre_1,close,195.0877091821602
2023-03-13,2023-03-13,2023-03-13,AG2306,AG,-1,0,3377.804432882924,3377.804432882924,19,19,416444508888,416444508888,15,0,pre_1,open,192.5348526743267
2023-03-13,2023-03-13,2023-03-13,AG2306,AG,-1,1,3377.804432882924,3377.804432882924,19,19,416444508888,416444508888,15,0,pre_1,close,192.5348526743267
2023-03-13,2023-03-13,2023-03-13,A2305,A,1,0,5000.154710405845,5000.154710405845,19,19,416446159477,416446159477,10,0,pre_1,open,190.00587899542214
2023-03-13,2023-03-13,2023-03-13,A2305,A,1,1,5000.154710405845,5000.154710405845,19,19,416446159477,416446159477,10,0,pre_1,close,190.00587899542214
2023-03-14,2023-03-14,2023-03-14,AG2306,AG,1,0,3557.287685724172,3557.287685724172,18,18,416448746057,416448746057,15,0,pre_1,open,192.0935350291053
2023-03-14,2023-03-14,2023-03-14,AG2306,AG,1,1,3557.287685724172,3557.287685724172,18,18,416448746057,416448746057,15,0,pre_1,close,192.0935350291053
2023-03-14,2023-03-14,2023-03-14,A2305,A,1,0,4977.716392732152,4977.716392732152,20,20,416449998009,416449998009,10,0,pre_1,open,199.1086557092861
2023-03-14,2023-03-14,2023-03-14,A2305,A,1,1,4977.716392732152,4977.716392732152,20,20,416449998009,416449998009,10,0,pre_1,close,199.1086557092861
2023-03-15,2023-03-15,2023-03-15,AG2306,AG,1,0,3554.472262150191,3554.472262150191,18,18,416451720114,416451720114,15,0,pre_1,open,191.94150215611032
2023-03-15,2023-03-15,2023-03-15,AG2306,AG,1,1,3554.472262150191,3554.472262150191,18,18,416451720114,416451720114,15,0,pre_1,close,191.94150215611032
2023-03-15,2023-03-15,2023-03-15,A2305,A,1,0,4957.970673179302,4957.970673179302,20,20,416453482675,416453482675,10,0,pre_1,open,198.31882692717207
2023-03-15,2023-03-15,2023-03-15,A2305,A,1,1,4957.970673179302,4957.970673179302,20,20,416453482675,416453482675,10,0,pre_1,close,198.31882692717207
2023-03-16,2023-03-16,2023-03-16,A2305,A,-1,0,4916.684168659705,4916.684168659705,20,20,416455100468,416455100468,10,0,pre_1,open,196.6673667463882
2023-03-16,2023-03-16,2023-03-16,A2305,A,-1,1,4916.684168659705,4916.684168659705,20,20,416455100468,416455100468,10,0,pre_1,close,196.6673667463882
2023-03-16,2023-03-16,2023-03-16,AG2306,AG,-1,0,3617.819292564749,3617.819292564749,18,18,416457085642,416457085642,15,0,pre_1,open,195.36224179849646
2023-03-16,2023-03-16,2023-03-16,AG2306,AG,-1,1,3617.819292564749,3617.819292564749,18,18,416457085642,416457085642,15,0,pre_1,close,195.36224179849646
2023-03-17,2023-03-17,2023-03-17,AG2306,AG,-1,0,3573.4763712745585,3573.4763712745585,18,18,416459095881,416459095881,15,0,pre_1,open,192.96772404882617
2023-03-17,2023-03-17,2023-03-17,AG2306,AG,-1,1,3573.4763712745585,3573.4763712745585,18,18,416459095881,416459095881,15,0,pre_1,close,192.96772404882617
2023-03-17,2023-03-17,2023-03-17,A2305,A,-1,0,4928.352093850026,4928.352093850026,20,20,416461458423,416461458423,10,0,pre_1,open,197.13408375400107
2023-03-17,2023-03-17,2023-03-17,A2305,A,-1,1,4928.352093850026,4928.352093850026,20,20,416461458423,416461458423,10,0,pre_1,close,197.13408375400107
2023-03-20,2023-03-20,2023-03-20,AG2306,AG,1,0,3569.957091807083,3569.957091807083,18,18,416463589341,416463589341,15,0,pre_1,open,192.7776829575825
2023-03-20,2023-03-20,2023-03-20,AG2306,AG,1,1,3569.957091807083,3569.957091807083,18,18,416463589341,416463589341,15,0,pre_1,close,192.7776829575825
2023-03-20,2023-03-20,2023-03-20,A2305,A,1,0,4899.631047227699,4899.631047227699,20,20,416464897781,416464897781,10,0,pre_1,open,195.98524188910798
2023-03-20,2023-03-20,2023-03-20,A2305,A,1,1,4899.631047227699,4899.631047227699,20,20,416464897781,416464897781,10,0,pre_1,close,195.98524188910798
2023-03-22,2023-03-22,2023-03-22,A2305,A,1,0,4895.14338369296,4895.14338369296,20,20,416466331416,416466331416,10,0,pre_1,open,195.80573534771844
2023-03-22,2023-03-22,2023-03-22,A2305,A,1,1,4895.14338369296,4895.14338369296,20,20,416466331416,416466331416,10,0,pre_1,close,195.80573534771844
2023-03-23,2023-03-23,2023-03-23,A2305,A,-1,0,4894.245850986013,4894.245850986013,20,20,416468917804,416468917804,10,0,pre_1,open,195.7698340394405
2023-03-23,2023-03-23,2023-03-23,A2305,A,-1,1,4894.245850986013,4894.245850986013,20,20,416468917804,416468917804,10,0,pre_1,close,195.7698340394405
2023-03-24,2023-03-24,2023-03-24,A2305,A,-1,0,4862.8322062428415,4862.8322062428415,20,20,416470039905,416470039905,10,0,pre_1,open,194.51328824971367
2023-03-24,2023-03-24,2023-03-24,A2305,A,-1,1,4862.8322062428415,4862.8322062428415,20,20,416470039905,416470039905,10,0,pre_1,close,194.51328824971367
2023-03-24,2023-03-24,2023-03-24,AG2306,AG,-1,0,3645.973528304553,3645.973528304553,18,18,416472103692,416472103692,15,0,pre_1,open,196.88257052844588
2023-03-24,2023-03-24,2023-03-24,AG2306,AG,-1,1,3645.973528304553,3645.973528304553,18,18,416472103692,416472103692,15,0,pre_1,close,196.88257052844588
2023-03-27,2023-03-27,2023-03-27,A2305,A,1,0,4878.090262260953,4878.090262260953,20,20,416474438894,416474438894,10,0,pre_1,open,195.12361049043812
2023-03-27,2023-03-27,2023-03-27,A2305,A,1,1,4878.090262260953,4878.090262260953,20,20,416474438894,416474438894,10,0,pre_1,close,195.12361049043812
2023-03-28,2023-03-28,2023-03-28,AG2306,AG,-1,0,3648.0850959850377,3648.0850959850377,18,18,416476737587,416476737587,15,0,pre_1,open,196.99659518319203
2023-03-28,2023-03-28,2023-03-28,AG2306,AG,-1,1,3648.0850959850377,3648.0850959850377,18,18,416476737587,416476737587,15,0,pre_1,close,196.99659518319203
2023-03-28,2023-03-28,2023-03-28,A2305,A,1,0,4861.037140828946,4861.037140828946,20,20,416477532659,416477532659,10,0,pre_1,open,194.44148563315787
2023-03-28,2023-03-28,2023-03-28,A2305,A,1,1,4861.037140828946,4861.037140828946,20,20,416477532659,416477532659,10,0,pre_1,close,194.44148563315787
2023-03-29,2023-03-29,2023-03-29,AG2306,AG,-1,0,3660.7545020679495,3660.7545020679495,18,18,416480735251,416480735251,15,0,pre_1,open,197.68074311166927
2023-03-29,2023-03-29,2023-03-29,AG2306,AG,-1,1,3660.7545020679495,3660.7545020679495,18,18,416480735251,416480735251,15,0,pre_1,close,197.68074311166927
2023-03-30,2023-03-30,2023-03-30,AG2306,AG,-1,0,3681.166322979307,3681.166322979307,18,18,416482152145,416482152145,15,0,pre_1,open,198.7829814408826
2023-03-30,2023-03-30,2023-03-30,AG2306,AG,-1,1,3681.166322979307,3681.166322979307,18,18,416482152145,416482152145,15,0,pre_1,close,198.7829814408826
2023-03-30,2023-03-30,2023-03-30,A2305,A,-1,0,4820.648169016298,4820.648169016298,20,20,416483550221,416483550221,10,0,pre_1,open,192.82592676065192
2023-03-30,2023-03-30,2023-03-30,A2305,A,-1,1,4820.648169016298,4820.648169016298,20,20,416483550221,416483550221,10,0,pre_1,close,192.82592676065192
2023-03-31,2023-03-31,2023-03-31,A2305,A,1,0,4834.111159620514,4834.111159620514,20,20,416485289790,416485289790,10,0,pre_1,open,193.36444638482058
2023-03-31,2023-03-31,2023-03-31,A2305,A,1,1,4834.111159620514,4834.111159620514,20,20,416485289790,416485289790,10,0,pre_1,close,193.36444638482058
2023-04-03,2023-04-03,2023-04-03,A2305,A,-1,0,4828.725963378827,4828.725963378827,20,20,416487201065,416487201065,10,0,pre_1,open,193.1490385351531
2023-04-03,2023-04-03,2023-04-03,A2305,A,-1,1,4828.725963378827,4828.725963378827,20,20,416487201065,416487201065,10,0,pre_1,close,193.1490385351531
2023-04-06,2023-04-06,2023-04-06,A2305,A,1,0,4817.955570895455,4817.955570895455,20,20,416488566697,416488566697,10,0,pre_1,open,192.7182228358182
2023-04-06,2023-04-06,2023-04-06,A2305,A,1,1,4817.955570895455,4817.955570895455,20,20,416488566697,416488566697,10,0,pre_1,close,192.7182228358182
2023-04-07,2023-04-07,2023-04-07,A2307,A,1,0,4748.691926970161,4748.691926970161,21,21,416490138367,416490138367,10,0,pre_1,open,199.44506093274677
2023-04-07,2023-04-07,2023-04-07,A2307,A,1,1,4748.691926970161,4748.691926970161,21,21,416490138367,416490138367,10,0,pre_1,close,199.44506093274677
2023-04-07,2023-04-07,2023-04-07,AG2306,AG,-1,0,3905.69635300424,3905.69635300424,17,17,416492672331,416492672331,15,0,pre_1,open,199.19051400321624
2023-04-07,2023-04-07,2023-04-07,AG2306,AG,-1,1,3905.69635300424,3905.69635300424,17,17,416492672331,416492672331,15,0,pre_1,close,199.19051400321624
2023-04-10,2023-04-10,2023-04-10,AG2306,AG,1,0,3925.4043180221024,3925.4043180221024,16,16,416494139938,416494139938,15,0,pre_1,open,188.41940726506093
2023-04-10,2023-04-10,2023-04-10,AG2306,AG,1,1,3925.4043180221024,3925.4043180221024,16,16,416494139938,416494139938,15,0,pre_1,close,188.41940726506093
2023-04-11,2023-04-11,2023-04-11,AG2306,AG,1,0,3893.026946921328,3893.026946921328,17,17,416496562917,416496562917,15,0,pre_1,open,198.54437429298773
2023-04-11,2023-04-11,2023-04-11,AG2306,AG,1,1,3893.026946921328,3893.026946921328,17,17,416496562917,416496562917,15,0,pre_1,close,198.54437429298773
2023-04-11,2023-04-11,2023-04-11,A2307,A,1,0,4704.688604094762,4704.688604094762,21,21,416498708886,416498708886,10,0,pre_1,open,197.59692137198002
2023-04-11,2023-04-11,2023-04-11,A2307,A,1,1,4704.688604094762,4704.688604094762,21,21,416498708886,416498708886,10,0,pre_1,close,197.59692137198002
2023-04-12,2023-04-12,2023-04-12,AG2306,AG,1,0,3914.846479619676,3914.846479619676,17,17,416500734692,416500734692,15,0,pre_1,open,199.65717046060348
2023-04-12,2023-04-12,2023-04-12,AG2306,AG,1,1,3914.846479619676,3914.846479619676,17,17,416500734692,416500734692,15,0,pre_1,close,199.65717046060348
2023-04-12,2023-04-12,2023-04-12,A2307,A,1,0,4673.519583724687,4673.519583724687,21,21,416502134201,416502134201,10,0,pre_1,open,196.28782251643688
2023-04-12,2023-04-12,2023-04-12,A2307,A,1,1,4673.519583724687,4673.519583724687,21,21,416502134201,416502134201,10,0,pre_1,close,196.28782251643688
2023-04-13,2023-04-13,2023-04-13,AG2306,AG,-1,0,4023.24028721792,4023.24028721792,16,16,416503402686,416503402686,15,0,pre_1,open,193.11553378646016
2023-04-13,2023-04-13,2023-04-13,AG2306,AG,-1,1,4023.24028721792,4023.24028721792,16,16,416503402686,416503402686,15,0,pre_1,close,193.11553378646016
2023-04-17,2023-04-17,2023-04-17,A2307,A,-1,0,4663.435488899076,4663.435488899076,21,21,416505665303,416505665303,10,0,pre_1,open,195.86429053376116
2023-04-17,2023-04-17,2023-04-17,A2307,A,-1,1,4663.435488899076,4663.435488899076,21,21,416505665303,416505665303,10,0,pre_1,close,195.86429053376116
2023-04-17,2023-04-17,2023-04-17,AG2306,AG,1,0,4057.729225999178,4057.729225999178,16,16,416507380052,416507380052,15,0,pre_1,open,194.77100284796055
2023-04-17,2023-04-17,2023-04-17,AG2306,AG,1,1,4057.729225999178,4057.729225999178,16,16,416507380052,416507380052,15,0,pre_1,close,194.77100284796055
2023-04-18,2023-04-18,2023-04-18,A2307,A,-1,0,4626.766053169576,4626.766053169576,21,21,416509138981,416509138981,10,0,pre_1,open,194.3241742331222
2023-04-18,2023-04-18,2023-04-18,A2307,A,-1,1,4626.766053169576,4626.766053169576,21,21,416509138981,416509138981,10,0,pre_1,close,194.3241742331222
2023-04-19,2023-04-19,2023-04-19,AG2306,AG,-1,0,3961.300968590352,3961.300968590352,16,16,416511494696,416511494696,15,0,pre_1,open,190.14244649233692
2023-04-19,2023-04-19,2023-04-19,AG2306,AG,-1,1,3961.300968590352,3961.300968590352,16,16,416511494696,416511494696,15,0,pre_1,close,190.14244649233692
2023-04-19,2023-04-19,2023-04-19,A2307,A,-1,0,4675.353055511163,4675.353055511163,21,21,416512592452,416512592452,10,0,pre_1,open,196.36482833146886
2023-04-19,2023-04-19,2023-04-19,A2307,A,-1,1,4675.353055511163,4675.353055511163,21,21,416512592452,416512592452,10,0,pre_1,close,196.36482833146886
2023-04-20,2023-04-20,2023-04-20,AG2306,AG,-1,0,3955.670121442391,3955.670121442391,16,16,416514239470,416514239470,15,0,pre_1,open,189.8721658292348
2023-04-20,2023-04-20,2023-04-20,AG2306,AG,-1,1,3955.670121442391,3955.670121442391,16,16,416514239470,416514239470,15,0,pre_1,close,189.8721658292348
2023-04-21,2023-04-21,2023-04-21,A2307,A,1,0,4544.259822778203,4544.259822778203,22,22,416517534868,416517534868,10,0,pre_1,open,199.94743220224092
2023-04-21,2023-04-21,2023-04-21,A2307,A,1,1,4544.259822778203,4544.259822778203,22,22,416517534868,416517534868,10,0,pre_1,close,199.94743220224092
2023-04-21,2023-04-21,2023-04-21,AG2306,AG,-1,0,3998.605330945592,3998.605330945592,16,16,416518395460,416518395460,15,0,pre_1,open,191.93305588538843
2023-04-21,2023-04-21,2023-04-21,AG2306,AG,-1,1,3998.605330945592,3998.605330945592,16,16,416518395460,416518395460,15,0,pre_1,close,191.93305588538843
2023-04-24,2023-04-24,2023-04-24,AG2306,AG,-1,0,3976.785798247244,3976.785798247244,16,16,416520080565,416520080565,15,0,pre_1,open,190.88571831586773
2023-04-24,2023-04-24,2023-04-24,AG2306,AG,-1,1,3976.785798247244,3976.785798247244,16,16,416520080565,416520080565,15,0,pre_1,close,190.88571831586773
2023-04-24,2023-04-24,2023-04-24,A2307,A,1,0,4473.671158998916,4473.671158998916,22,22,416522847195,416522847195,10,0,pre_1,open,196.84153099595233
2023-04-24,2023-04-24,2023-04-24,A2307,A,1,1,4473.671158998916,4473.671158998916,22,22,416522847195,416522847195,10,0,pre_1,close,196.84153099595233
2023-04-25,2023-04-25,2023-04-25,AG2306,AG,1,0,3951.4469860814206,3951.4469860814206,16,16,416524546469,416524546469,15,0,pre_1,open,189.6694553319082
2023-04-25,2023-04-25,2023-04-25,AG2306,AG,1,1,3951.4469860814206,3951.4469860814206,16,16,416524546469,416524546469,15,0,pre_1,close,189.6694553319082
2023-04-26,2023-04-26,2023-04-26,AG2306,AG,-1,0,3938.0737241050138,3938.0737241050138,16,16,416526175567,416526175567,15,0,pre_1,open,189.02753875704067
2023-04-26,2023-04-26,2023-04-26,AG2306,AG,-1,1,3938.0737241050138,3938.0737241050138,16,16,416526175567,416526175567,15,0,pre_1,close,189.02753875704067
2023-04-27,2023-04-27,2023-04-27,A2307,A,1,0,4487.422197397478,4487.422197397478,22,22,416528271429,416528271429,10,0,pre_1,open,197.44657668548905
2023-04-27,2023-04-27,2023-04-27,A2307,A,1,1,4487.422197397478,4487.422197397478,22,22,416528271429,416528271429,10,0,pre_1,close,197.44657668548905
2023-04-27,2023-04-27,2023-04-27,AG2306,AG,1,0,3940.185291785499,3940.185291785499,16,16,416530061871,416530061871,15,0,pre_1,open,189.12889400570396
2023-04-27,2023-04-27,2023-04-27,AG2306,AG,1,1,3940.185291785499,3940.185291785499,16,16,416530061871,416530061871,15,0,pre_1,close,189.12889400570396
2023-05-04,2023-05-04,2023-05-04,AG2306,AG,-1,0,4054.2099465317033,4054.2099465317033,16,16,416532904329,416532904329,15,0,pre_1,open,194.60207743352177
2023-05-04,2023-05-04,2023-05-04,AG2306,AG,-1,1,4054.2099465317033,4054.2099465317033,16,16,416532904329,416532904329,15,0,pre_1,close,194.60207743352177
2023-05-04,2023-05-04,2023-05-04,A2307,A,1,0,4414.08332593848,4414.08332593848,22,22,416533325624,416533325624,10,0,pre_1,open,194.21966634129313
2023-05-04,2023-05-04,2023-05-04,A2307,A,1,1,4414.08332593848,4414.08332593848,22,22,416533325624,416533325624,10,0,pre_1,close,194.21966634129313
2023-05-05,2023-05-05,2023-05-05,AG2306,AG,1,0,4054.2099465317033,4054.2099465317033,16,16,416536515939,416536515939,15,0,pre_1,open,194.60207743352177
2023-05-05,2023-05-05,2023-05-05,AG2306,AG,1,1,4054.2099465317033,4054.2099465317033,16,16,416536515939,416536515939,15,0,pre_1,close,194.60207743352177
2023-05-08,2023-05-08,2023-05-08,A2307,A,1,0,4451.669497561216,4451.669497561216,22,22,416538883504,416538883504,10,0,pre_1,open,195.87345789269355
2023-05-08,2023-05-08,2023-05-08,A2307,A,1,1,4451.669497561216,4451.669497561216,22,22,416538883504,416538883504,10,0,pre_1,close,195.87345789269355
2023-05-08,2023-05-08,2023-05-08,AG2306,AG,1,0,4061.248505466654,4061.248505466654,16,16,416540348489,416540348489,15,0,pre_1,open,194.9399282623994
2023-05-08,2023-05-08,2023-05-08,AG2306,AG,1,1,4061.248505466654,4061.248505466654,16,16,416540348489,416540348489,15,0,pre_1,close,194.9399282623994
2023-05-09,2023-05-09,2023-05-09,AG2306,AG,1,0,4067.5832085081097,4067.5832085081097,16,16,416542834568,416542834568,15,0,pre_1,open,195.24399400838925
2023-05-09,2023-05-09,2023-05-09,AG2306,AG,1,1,4067.5832085081097,4067.5832085081097,16,16,416542834568,416542834568,15,0,pre_1,close,195.24399400838925
2023-05-10,2023-05-10,2023-05-10,A2307,A,1,0,4630.432996742526,4630.432996742526,21,21,416544007315,416544007315,10,0,pre_1,open,194.4781858631861
2023-05-10,2023-05-10,2023-05-10,A2307,A,1,1,4630.432996742526,4630.432996742526,21,21,416544007315,416544007315,10,0,pre_1,close,194.4781858631861
2023-05-10,2023-05-10,2023-05-10,AG2306,AG,1,0,4026.759566685395,4026.759566685395,16,16,416546395699,416546395699,15,0,pre_1,open,193.28445920089897
2023-05-10,2023-05-10,2023-05-10,AG2306,AG,1,1,4026.759566685395,4026.759566685395,16,16,416546395699,416546395699,15,0,pre_1,close,193.28445920089897
2023-05-11,2023-05-11,2023-05-11,A2307,A,1,0,4556.17738939029,4556.17738939029,21,21,416548298538,416548298538,10,0,pre_1,open,191.35945035439218
2023-05-11,2023-05-11,2023-05-11,A2307,A,1,1,4556.17738939029,4556.17738939029,21,21,416548298538,416548298538,10,0,pre_1,close,191.35945035439218
2023-05-12,2023-05-12,2023-05-12,A2307,A,-1,0,4535.092463845827,4535.092463845827,22,22,416550910733,416550910733,10,0,pre_1,open,199.5440684092164
2023-05-12,2023-05-12,2023-05-12,A2307,A,-1,1,4535.092463845827,4535.092463845827,22,22,416550910733,416550910733,10,0,pre_1,close,199.5440684092164
2023-05-15,2023-05-15,2023-05-15,AG2306,AG,-1,0,3830.3837724002656,3830.3837724002656,17,17,416553988068,416553988068,15,0,pre_1,open,195.34957239241356
2023-05-15,2023-05-15,2023-05-15,AG2306,AG,-1,1,3830.3837724002656,3830.3837724002656,17,17,416553988068,416553988068,15,0,pre_1,close,195.34957239241356
2023-05-15,2023-05-15,2023-05-15,A2307,A,-1,0,4649.684450500513,4649.684450500513,21,21,416555939903,416555939903,10,0,pre_1,open,195.28674692102155
2023-05-15,2023-05-15,2023-05-15,A2307,A,-1,1,4649.684450500513,4649.684450500513,21,21,416555939903,416555939903,10,0,pre_1,close,195.28674692102155
2023-05-16,2023-05-16,2023-05-16,A2307,A,-1,0,4688.187358016487,4688.187358016487,21,21,416558084600,416558084600,10,0,pre_1,open,196.90386903669247
2023-05-16,2023-05-16,2023-05-16,A2307,A,-1,1,4688.187358016487,4688.187358016487,21,21,416558084600,416558084600,10,0,pre_1,close,196.90386903669247
2023-05-16,2023-05-16,2023-05-16,AG2308,AG,1,0,3840.912240534808,3840.912240534808,17,17,416561845046,416561845046,15,0,pre_1,open,195.88652426727523
2023-05-16,2023-05-16,2023-05-16,AG2308,AG,1,1,3840.912240534808,3840.912240534808,17,17,416561845046,416561845046,15,0,pre_1,close,195.88652426727523
2023-05-17,2023-05-17,2023-05-17,AG2308,AG,1,0,3819.869989399665,3819.869989399665,17,17,416563521350,416563521350,15,0,pre_1,open,194.81336945938293
2023-05-17,2023-05-17,2023-05-17,AG2308,AG,1,1,3819.869989399665,3819.869989399665,17,17,416563521350,416563521350,15,0,pre_1,close,194.81336945938293
2023-05-18,2023-05-18,2023-05-18,A2307,A,-1,0,4657.93507353965,4657.93507353965,21,21,416567790801,416567790801,10,0,pre_1,open,195.6332730886653
2023-05-18,2023-05-18,2023-05-18,A2307,A,-1,1,4657.93507353965,4657.93507353965,21,21,416567790801,416567790801,10,0,pre_1,close,195.6332730886653
2023-05-18,2023-05-18,2023-05-18,AG2308,AG,-1,0,3803.737596862722,3803.737596862722,17,17,416570178905,416570178905,15,0,pre_1,open,193.99061743999883
2023-05-18,2023-05-18,2023-05-18,AG2308,AG,-1,1,3803.737596862722,3803.737596862722,17,17,416570178905,416570178905,15,0,pre_1,close,193.99061743999883
2023-05-19,2023-05-19,2023-05-19,AG2308,AG,1,0,3784.0981624699216,3784.0981624699216,17,17,416573160251,416573160251,15,0,pre_1,open,192.989006285966
2023-05-19,2023-05-19,2023-05-19,AG2308,AG,1,1,3784.0981624699216,3784.0981624699216,17,17,416573160251,416573160251,15,0,pre_1,close,192.989006285966
2023-05-22,2023-05-22,2023-05-22,A2307,A,1,0,4630.432996742526,4630.432996742526,21,21,416576592977,416576592977,10,0,pre_1,open,194.4781858631861
2023-05-22,2023-05-22,2023-05-22,A2307,A,1,1,4630.432996742526,4630.432996742526,21,21,416576592977,416576592977,10,0,pre_1,close,194.4781858631861
2023-05-23,2023-05-23,2023-05-23,A2307,A,-1,0,4645.100771034326,4645.100771034326,21,21,416579700030,416579700030,10,0,pre_1,open,195.0942323834417
2023-05-23,2023-05-23,2023-05-23,A2307,A,-1,1,4645.100771034326,4645.100771034326,21,21,416579700030,416579700030,10,0,pre_1,close,195.0942323834417
2023-05-23,2023-05-23,2023-05-23,AG2308,AG,1,0,3836.002381936608,3836.002381936608,17,17,416582290401,416582290401,15,0,pre_1,open,195.63612147876702
2023-05-23,2023-05-23,2023-05-23,AG2308,AG,1,1,3836.002381936608,3836.002381936608,17,17,416582290401,416582290401,15,0,pre_1,close,195.63612147876702
2023-05-24,2023-05-24,2023-05-24,AG2308,AG,1,0,3772.8756285311774,3772.8756285311774,17,17,416584621532,416584621532,15,0,pre_1,open,192.41665705509004
2023-05-24,2023-05-24,2023-05-24,AG2308,AG,1,1,3772.8756285311774,3772.8756285311774,17,17,416584621532,416584621532,15,0,pre_1,close,192.41665705509004
2023-05-24,2023-05-24,2023-05-24,A2307,A,1,0,4646.9342428208,4646.9342428208,21,21,416586016594,416586016594,10,0,pre_1,open,195.17123819847362
2023-05-24,2023-05-24,2023-05-24,A2307,A,1,1,4646.9342428208,4646.9342428208,21,21,416586016594,416586016594,10,0,pre_1,close,195.17123819847362
2023-05-25,2023-05-25,2023-05-25,AG2308,AG,1,0,3793.917879666322,3793.917879666322,17,17,416588094712,416588094712,15,0,pre_1,open,193.4898118629824
2023-05-25,2023-05-25,2023-05-25,AG2308,AG,1,1,3793.917879666322,3793.917879666322,17,17,416588094712,416588094712,15,0,pre_1,close,193.4898118629824
2023-05-25,2023-05-25,2023-05-25,A2307,A,1,0,4652.434658180226,4652.434658180226,21,21,416590720431,416590720431,10,0,pre_1,open,195.4022556435695
2023-05-25,2023-05-25,2023-05-25,A2307,A,1,1,4652.434658180226,4652.434658180226,21,21,416590720431,416590720431,10,0,pre_1,close,195.4022556435695
2023-05-26,2023-05-26,2023-05-26,AG2308,AG,-1,0,3718.8671839509775,3718.8671839509775,17,17,416594537387,416594537387,15,0,pre_1,open,189.66222638149986
2023-05-26,2023-05-26,2023-05-26,AG2308,AG,-1,1,3718.8671839509775,3718.8671839509775,17,17,416594537387,416594537387,15,0,pre_1,close,189.66222638149986
2023-05-29,2023-05-29,2023-05-29,A2307,A,-1,0,4619.432166023676,4619.432166023676,21,21,416597828487,416597828487,10,0,pre_1,open,194.01615097299438
2023-05-29,2023-05-29,2023-05-29,A2307,A,-1,1,4619.432166023676,4619.432166023676,21,21,416597828487,416597828487,10,0,pre_1,close,194.01615097299438
2023-05-29,2023-05-29,2023-05-29,AG2308,AG,1,0,3749.0277439113497,3749.0277439113497,17,17,416599432773,416599432773,15,0,pre_1,open,191.20041493947883
2023-05-29,2023-05-29,2023-05-29,AG2308,AG,1,1,3749.0277439113497,3749.0277439113497,17,17,416599432773,416599432773,15,0,pre_1,close,191.20041493947883
2023-05-31,2023-05-31,2023-05-31,AG2308,AG,1,0,3770.0699950464927,3770.0699950464927,17,17,416602625871,416602625871,15,0,pre_1,open,192.27356974737114
2023-05-31,2023-05-31,2023-05-31,AG2308,AG,1,1,3770.0699950464927,3770.0699950464927,17,17,416602625871,416602625871,15,0,pre_1,close,192.27356974737114
2023-06-01,2023-06-01,2023-06-01,A2307,A,-1,0,4574.512107255039,4574.512107255039,21,21,416605383992,416605383992,10,0,pre_1,open,192.12950850471165
2023-06-01,2023-06-01,2023-06-01,A2307,A,-1,1,4574.512107255039,4574.512107255039,21,21,416605383992,416605383992,10,0,pre_1,close,192.12950850471165
2023-06-01,2023-06-01,2023-06-01,AG2308,AG,-1,0,3814.258722430293,3814.258722430293,17,17,416608787359,416608787359,15,0,pre_1,open,194.52719484394493
2023-06-01,2023-06-01,2023-06-01,AG2308,AG,-1,1,3814.258722430293,3814.258722430293,17,17,416608787359,416608787359,15,0,pre_1,close,194.52719484394493
2023-06-02,2023-06-02,2023-06-02,AG2308,AG,1,0,3850.0305493600367,3850.0305493600367,17,17,416611832738,416611832738,15,0,pre_1,open,196.3515580173619
2023-06-02,2023-06-02,2023-06-02,AG2308,AG,1,1,3850.0305493600367,3850.0305493600367,17,17,416611832738,416611832738,15,0,pre_1,close,196.3515580173619
2023-06-02,2023-06-02,2023-06-02,A2307,A,1,0,4602.930919945401,4602.930919945401,21,21,416614185375,416614185375,10,0,pre_1,open,193.32309863770683
2023-06-02,2023-06-02,2023-06-02,A2307,A,1,1,4602.930919945401,4602.930919945401,21,21,416614185375,416614185375,10,0,pre_1,close,193.32309863770683
2023-06-05,2023-06-05,2023-06-05,AG2308,AG,1,0,3887.205193032123,3887.205193032123,17,17,416618139314,416618139314,15,0,pre_1,open,198.24746484463827
2023-06-05,2023-06-05,2023-06-05,AG2308,AG,1,1,3887.205193032123,3887.205193032123,17,17,416618139314,416618139314,15,0,pre_1,close,198.24746484463827
2023-06-05,2023-06-05,2023-06-05,A2307,A,1,0,4624.932581383101,4624.932581383101,21,21,416622692626,416622692626,10,0,pre_1,open,194.24716841809024
2023-06-05,2023-06-05,2023-06-05,A2307,A,1,1,4624.932581383101,4624.932581383101,21,21,416622692626,416622692626,10,0,pre_1,close,194.24716841809024
2023-06-06,2023-06-06,2023-06-06,AG2308,AG,1,0,3829.689706596065,3829.689706596065,17,17,416625686552,416625686552,15,0,pre_1,open,195.31417503639932
2023-06-06,2023-06-06,2023-06-06,AG2308,AG,1,1,3829.689706596065,3829.689706596065,17,17,416625686552,416625686552,15,0,pre_1,close,195.31417503639932
2023-06-06,2023-06-06,2023-06-06,A2307,A,1,0,4590.096617440076,4590.096617440076,21,21,416628039717,416628039717,10,0,pre_1,open,192.78405793248322
2023-06-06,2023-06-06,2023-06-06,A2307,A,1,1,4590.096617440076,4590.096617440076,21,21,416628039717,416628039717,10,0,pre_1,close,192.78405793248322
2023-06-07,2023-06-07,2023-06-07,A2307,A,-1,0,4611.181542984538,4611.181542984538,21,21,416633738777,416633738777,10,0,pre_1,open,193.66962480535062
2023-06-07,2023-06-07,2023-06-07,A2307,A,-1,1,4611.181542984538,4611.181542984538,21,21,416633738777,416633738777,10,0,pre_1,close,193.66962480535062
2023-06-08,2023-06-08,2023-06-08,A2307,A,-1,0,4626.766053169576,4626.766053169576,21,21,416636838854,416636838854,10,0,pre_1,open,194.3241742331222
2023-06-08,2023-06-08,2023-06-08,A2307,A,-1,1,4626.766053169576,4626.766053169576,21,21,416636838854,416636838854,10,0,pre_1,close,194.3241742331222
2023-06-08,2023-06-08,2023-06-08,AG2308,AG,-1,0,3868.267167010494,3868.267167010494,17,17,416640977898,416640977898,15,0,pre_1,open,197.28162551753522
2023-06-08,2023-06-08,2023-06-08,AG2308,AG,-1,1,3868.267167010494,3868.267167010494,17,17,416640977898,416640977898,15,0,pre_1,close,197.28162551753522
2023-06-13,2023-06-13,2023-06-13,A2309,A,1,0,4605.002296991755,4605.002296991755,21,21,416644415128,416644415128,10,0,pre_1,open,193.41009647365377
2023-06-13,2023-06-13,2023-06-13,A2309,A,1,1,4605.002296991755,4605.002296991755,21,21,416644415128,416644415128,10,0,pre_1,close,193.41009647365377
2023-06-13,2023-06-13,2023-06-13,AG2308,AG,-1,0,3963.6587054898105,3963.6587054898105,16,16,416647466255,416647466255,15,0,pre_1,open,190.2556178635109
2023-06-13,2023-06-13,2023-06-13,AG2308,AG,-1,1,3963.6587054898105,3963.6587054898105,16,16,416647466255,416647466255,15,0,pre_1,close,190.2556178635109
2023-06-14,2023-06-14,2023-06-14,AG2308,AG,-1,0,3979.7910980267534,3979.7910980267534,16,16,416651113767,416651113767,15,0,pre_1,open,191.02997270528417
2023-06-14,2023-06-14,2023-06-14,AG2308,AG,-1,1,3979.7910980267534,3979.7910980267534,16,16,416651113767,416651113767,15,0,pre_1,close,191.02997270528417
2023-06-15,2023-06-15,2023-06-15,A2309,A,-1,0,4605.95868376164,4605.95868376164,21,21,416655884079,416655884079,10,0,pre_1,open,193.4502647179889
2023-06-15,2023-06-15,2023-06-15,A2309,A,-1,1,4605.95868376164,4605.95868376164,21,21,416655884079,416655884079,10,0,pre_1,close,193.4502647179889
2023-06-16,2023-06-16,2023-06-16,AG2308,AG,1,0,3877.385475835723,3877.385475835723,17,17,416658318566,416658318566,15,0,pre_1,open,197.74665926762188
2023-06-16,2023-06-16,2023-06-16,AG2308,AG,1,1,3877.385475835723,3877.385475835723,17,17,416658318566,416658318566,15,0,pre_1,close,197.74665926762188
2023-06-19,2023-06-19,2023-06-19,AG2308,AG,1,0,3953.137579922239,3953.137579922239,16,16,416661122593,416661122593,15,0,pre_1,open,189.7506038362675
2023-06-19,2023-06-19,2023-06-19,AG2308,AG,1,1,3953.137579922239,3953.137579922239,16,16,416661122593,416661122593,15,0,pre_1,close,189.7506038362675
2023-06-19,2023-06-19,2023-06-19,A2309,A,1,0,4735.070897695988,4735.070897695988,21,21,416664428865,416664428865,10,0,pre_1,open,198.8729777032315
2023-06-19,2023-06-19,2023-06-19,A2309,A,1,1,4735.070897695988,4735.070897695988,21,21,416664428865,416664428865,10,0,pre_1,close,198.8729777032315
2023-06-20,2023-06-20,2023-06-20,A2309,A,-1,0,4781.933849420307,4781.933849420307,20,20,416667196817,416667196817,10,0,pre_1,open,191.27735397681226
2023-06-20,2023-06-20,2023-06-20,A2309,A,-1,1,4781.933849420307,4781.933849420307,20,20,416667196817,416667196817,10,0,pre_1,close,191.27735397681226
2023-06-21,2023-06-21,2023-06-21,AG2308,AG,-1,0,3911.754486023124,3911.754486023124,17,17,416671899354,416671899354,15,0,pre_1,open,199.49947878717933
2023-06-21,2023-06-21,2023-06-21,AG2308,AG,-1,1,3911.754486023124,3911.754486023124,17,17,416671899354,416671899354,15,0,pre_1,close,199.49947878717933
2023-06-27,2023-06-27,2023-06-27,AG2308,AG,1,0,3816.362947543808,3816.362947543808,17,17,416674204274,416674204274,15,0,pre_1,open,194.6345103247342
2023-06-27,2023-06-27,2023-06-27,AG2308,AG,1,1,3816.362947543808,3816.362947543808,17,17,416674204274,416674204274,15,0,pre_1,close,194.6345103247342
2023-06-27,2023-06-27,2023-06-27,A2309,A,1,0,4867.052271939988,4867.052271939988,20,20,416677517651,416677517651,10,0,pre_1,open,194.68209087759953
2023-06-27,2023-06-27,2023-06-27,A2309,A,1,1,4867.052271939988,4867.052271939988,20,20,416677517651,416677517651,10,0,pre_1,close,194.68209087759953
2023-06-28,2023-06-28,2023-06-28,AG2308,AG,-1,0,3840.210832163637,3840.210832163637,17,17,416682433164,416682433164,15,0,pre_1,open,195.85075244034547
2023-06-28,2023-06-28,2023-06-28,AG2308,AG,-1,1,3840.210832163637,3840.210832163637,17,17,416682433164,416682433164,15,0,pre_1,close,195.85075244034547
2023-06-28,2023-06-28,2023-06-28,A2309,A,-1,0,4836.447895303698,4836.447895303698,20,20,416685937162,416685937162,10,0,pre_1,open,193.45791581214792
2023-06-28,2023-06-28,2023-06-28,A2309,A,-1,1,4836.447895303698,4836.447895303698,20,20,416685937162,416685937162,10,0,pre_1,close,193.45791581214792
2023-06-29,2023-06-29,2023-06-29,A2309,A,-1,0,4890.0055544172055,4890.0055544172055,20,20,416688612739,416688612739,10,0,pre_1,open,195.60022217668825
2023-06-29,2023-06-29,2023-06-29,A2309,A,-1,1,4890.0055544172055,4890.0055544172055,20,20,416688612739,416688612739,10,0,pre_1,close,195.60022217668825
2023-07-03,2023-07-03,2023-07-03,AG2308,AG,-1,0,3807.244638718579,3807.244638718579,17,17,416691180877,416691180877,15,0,pre_1,open,194.16947657464752
2023-07-03,2023-07-03,2023-07-03,AG2308,AG,-1,1,3807.244638718579,3807.244638718579,17,17,416691180877,416691180877,15,0,pre_1,close,194.16947657464752
2023-07-04,2023-07-04,2023-07-04,A2309,A,1,0,4987.55700494538,4987.55700494538,20,20,416694541850,416694541850,10,0,pre_1,open,199.50228019781522
2023-07-04,2023-07-04,2023-07-04,A2309,A,1,1,4987.55700494538,4987.55700494538,20,20,416694541850,416694541850,10,0,pre_1,close,199.50228019781522
2023-07-04,2023-07-04,2023-07-04,AG2308,AG,1,0,3873.1770256086943,3873.1770256086943,17,17,416698111125,416698111125,15,0,pre_1,open,197.53202830604343
2023-07-04,2023-07-04,2023-07-04,AG2308,AG,1,1,3873.1770256086943,3873.1770256086943,17,17,416698111125,416698111125,15,0,pre_1,close,197.53202830604343
2023-07-05,2023-07-05,2023-07-05,AG2312,AG,1,0,3872.432451697987,3872.432451697987,17,17,416701747230,416701747230,15,0,pre_1,open,197.49405503659733
2023-07-05,2023-07-05,2023-07-05,AG2312,AG,1,1,3872.432451697987,3872.432451697987,17,17,416701747230,416701747230,15,0,pre_1,close,197.49405503659733
2023-07-06,2023-07-06,2023-07-06,AG2312,AG,-1,0,3859.8777355361417,3859.8777355361417,17,17,416705796896,416705796896,15,0,pre_1,open,196.85376451234322
2023-07-06,2023-07-06,2023-07-06,AG2312,AG,-1,1,3859.8777355361417,3859.8777355361417,17,17,416705796896,416705796896,15,0,pre_1,close,196.85376451234322
2023-07-06,2023-07-06,2023-07-06,A2309,A,-1,0,5065.024333305989,5065.024333305989,19,19,416708959020,416708959020,10,0,pre_1,open,192.47092466562756
2023-07-06,2023-07-06,2023-07-06,A2309,A,-1,1,5065.024333305989,5065.024333305989,19,19,416708959020,416708959020,10,0,pre_1,close,192.47092466562756
2023-07-07,2023-07-07,2023-07-07,A2309,A,1,0,4976.080363706771,4976.080363706771,20,20,416711734097,416711734097,10,0,pre_1,open,199.04321454827087
2023-07-07,2023-07-07,2023-07-07,A2309,A,1,1,4976.080363706771,4976.080363706771,20,20,416711734097,416711734097,10,0,pre_1,close,199.04321454827087
2023-07-10,2023-07-10,2023-07-10,A2309,A,-1,0,4971.298429857351,4971.298429857351,20,20,416713337138,416713337138,10,0,pre_1,open,198.85193719429404
2023-07-10,2023-07-10,2023-07-10,A2309,A,-1,1,4971.298429857351,4971.298429857351,20,20,416713337138,416713337138,10,0,pre_1,close,198.85193719429404
2023-07-10,2023-07-10,2023-07-10,AG2312,AG,-1,0,3850.112956299152,3850.112956299152,17,17,416715698383,416715698383,15,0,pre_1,open,196.35576077125677
2023-07-10,2023-07-10,2023-07-10,AG2312,AG,-1,1,3850.112956299152,3850.112956299152,17,17,416715698383,416715698383,15,0,pre_1,close,196.35576077125677
2023-07-11,2023-07-11,2023-07-11,AG2312,AG,-1,0,3855.69283014886,3855.69283014886,17,17,416718210139,416718210139,15,0,pre_1,open,196.64033433759187
2023-07-11,2023-07-11,2023-07-11,AG2312,AG,-1,1,3855.69283014886,3855.69283014886,17,17,416718210139,416718210139,15,0,pre_1,close,196.64033433759187
2023-07-12,2023-07-12,2023-07-12,A2309,A,1,0,4935.912119371641,4935.912119371641,20,20,416721742219,416721742219,10,0,pre_1,open,197.43648477486568
2023-07-12,2023-07-12,2023-07-12,A2309,A,1,1,4935.912119371641,4935.912119371641,20,20,416721742219,416721742219,10,0,pre_1,close,197.43648477486568
2023-07-12,2023-07-12,2023-07-12,AG2312,AG,-1,0,3891.962010171968,3891.962010171968,17,17,416725185532,416725185532,15,0,pre_1,open,198.49006251877037
2023-07-12,2023-07-12,2023-07-12,AG2312,AG,-1,1,3891.962010171968,3891.962010171968,17,17,416725185532,416725185532,15,0,pre_1,close,198.49006251877037
2023-07-13,2023-07-13,2023-07-13,A2309,A,1,0,4931.13018552222,4931.13018552222,20,20,416728523912,416728523912,10,0,pre_1,open,197.24520742088882
2023-07-13,2023-07-13,2023-07-13,A2309,A,1,1,4931.13018552222,4931.13018552222,20,20,416728523912,416728523912,10,0,pre_1,close,197.24520742088882
2023-07-13,2023-07-13,2023-07-13,AG2312,AG,-1,0,3943.575843281776,3943.575843281776,16,16,416731568968,416731568968,15,0,pre_1,open,189.29164047752528
2023-07-13,2023-07-13,2023-07-13,AG2312,AG,-1,1,3943.575843281776,3943.575843281776,16,16,416731568968,416731568968,15,0,pre_1,close,189.29164047752528
2023-07-14,2023-07-14,2023-07-14,AG2310,AG,1,0,4039.8813395672514,4039.8813395672514,16,16,416734409079,416734409079,15,0,pre_1,open,193.9143042992281
2023-07-14,2023-07-14,2023-07-14,AG2310,AG,1,1,4039.8813395672514,4039.8813395672514,16,16,416734409079,416734409079,15,0,pre_1,close,193.9143042992281
2023-07-17,2023-07-17,2023-07-17,A2309,A,1,0,4900.52580888593,4900.52580888593,20,20,416737668407,416737668407,10,0,pre_1,open,196.0210323554372
2023-07-17,2023-07-17,2023-07-17,A2309,A,1,1,4900.52580888593,4900.52580888593,20,20,416737668407,416737668407,10,0,pre_1,close,196.0210323554372
2023-07-17,2023-07-17,2023-07-17,AG2310,AG,-1,0,4073.442139895951,4073.442139895951,16,16,416741911784,416741911784,15,0,pre_1,open,195.52522271500567
2023-07-17,2023-07-17,2023-07-17,AG2310,AG,-1,1,4073.442139895951,4073.442139895951,16,16,416741911784,416741911784,15,0,pre_1,close,195.52522271500567
2023-07-18,2023-07-18,2023-07-18,A2309,A,1,0,4890.0055544172055,4890.0055544172055,20,20,416744890097,416744890097,10,0,pre_1,open,195.60022217668825
2023-07-18,2023-07-18,2023-07-18,A2309,A,1,1,4890.0055544172055,4890.0055544172055,20,20,416744890097,416744890097,10,0,pre_1,close,195.60022217668825
2023-07-18,2023-07-18,2023-07-18,AG2310,AG,-1,0,4058.060106411964,4058.060106411964,16,16,416746006785,416746006785,15,0,pre_1,open,194.7868851077743
2023-07-18,2023-07-18,2023-07-18,AG2310,AG,-1,1,4058.060106411964,4058.060106411964,16,16,416746006785,416746006785,15,0,pre_1,close,194.7868851077743
2023-07-19,2023-07-19,2023-07-19,A2309,A,1,0,4891.918327956973,4891.918327956973,20,20,416748859892,416748859892,10,0,pre_1,open,195.67673311827895
2023-07-19,2023-07-19,2023-07-19,A2309,A,1,1,4891.918327956973,4891.918327956973,20,20,416748859892,416748859892,10,0,pre_1,close,195.67673311827895
2023-07-19,2023-07-19,2023-07-19,AG2310,AG,1,0,4078.33642327722,4078.33642327722,16,16,416750201329,416750201329,15,0,pre_1,open,195.76014831730657
2023-07-19,2023-07-19,2023-07-19,AG2310,AG,1,1,4078.33642327722,4078.33642327722,16,16,416750201329,416750201329,15,0,pre_1,close,195.76014831730657
2023-07-20,2023-07-20,2023-07-20,A2309,A,-1,0,4885.2236205677855,4885.2236205677855,20,20,416752779528,416752779528,10,0,pre_1,open,195.40894482271142
2023-07-20,2023-07-20,2023-07-20,A2309,A,-1,1,4885.2236205677855,4885.2236205677855,20,20,416752779528,416752779528,10,0,pre_1,close,195.40894482271142
2023-07-20,2023-07-20,2023-07-20,AG2310,AG,1,0,4160.140874078426,4160.140874078426,16,16,416753096303,416753096303,15,0,pre_1,open,199.68676195576447
2023-07-20,2023-07-20,2023-07-20,AG2310,AG,1,1,4160.140874078426,4160.140874078426,16,16,416753096303,416753096303,15,0,pre_1,close,199.68676195576447
2023-07-21,2023-07-21,2023-07-21,AG2310,AG,1,0,4137.067823852445,4137.067823852445,16,16,416755533650,416755533650,15,0,pre_1,open,198.5792555449174
2023-07-21,2023-07-21,2023-07-21,AG2310,AG,1,1,4137.067823852445,4137.067823852445,16,16,416755533650,416755533650,15,0,pre_1,close,198.5792555449174
2023-07-21,2023-07-21,2023-07-21,A2309,A,-1,0,4873.746979329177,4873.746979329177,20,20,416757206611,416757206611,10,0,pre_1,open,194.94987917316706
2023-07-21,2023-07-21,2023-07-21,A2309,A,-1,1,4873.746979329177,4873.746979329177,20,20,416757206611,416757206611,10,0,pre_1,close,194.94987917316706
2023-07-24,2023-07-24,2023-07-24,A2309,A,1,0,4830.709574684394,4830.709574684394,20,20,416760081498,416760081498,10,0,pre_1,open,193.2283829873758
2023-07-24,2023-07-24,2023-07-24,A2309,A,1,1,4830.709574684394,4830.709574684394,20,20,416760081498,416760081498,10,0,pre_1,close,193.2283829873758
2023-07-26,2023-07-26,2023-07-26,A2309,A,1,0,4742.72199185506,4742.72199185506,21,21,416762389693,416762389693,10,0,pre_1,open,199.19432365791255
2023-07-26,2023-07-26,2023-07-26,A2309,A,1,1,4742.72199185506,4742.72199185506,21,21,416762389693,416762389693,10,0,pre_1,close,199.19432365791255
2023-07-27,2023-07-27,2023-07-27,AG2310,AG,-1,0,4086.726623359395,4086.726623359395,16,16,416763149776,416763149776,15,0,pre_1,open,196.16287792125095
2023-07-27,2023-07-27,2023-07-27,AG2310,AG,-1,1,4086.726623359395,4086.726623359395,16,16,416763149776,416763149776,15,0,pre_1,close,196.16287792125095
2023-07-27,2023-07-27,2023-07-27,A2309,A,-1,0,4762.8061140226255,4762.8061140226255,20,20,416765385124,416765385124,10,0,pre_1,open,190.51224456090503
2023-07-27,2023-07-27,2023-07-27,A2309,A,-1,1,4762.8061140226255,4762.8061140226255,20,20,416765385124,416765385124,10,0,pre_1,close,190.51224456090503
2023-07-28,2023-07-28,2023-07-28,AG2310,AG,1,0,4100.011106822839,4100.011106822839,16,16,416767387116,416767387116,15,0,pre_1,open,196.8005331274963
2023-07-28,2023-07-28,2023-07-28,AG2310,AG,1,1,4100.011106822839,4100.011106822839,16,16,416767387116,416767387116,15,0,pre_1,close,196.8005331274963
2023-07-31,2023-07-31,2023-07-31,A2309,A,-1,0,4758.980566943089,4758.980566943089,21,21,416769628247,416769628247,10,0,pre_1,open,199.87718381160974
2023-07-31,2023-07-31,2023-07-31,A2309,A,-1,1,4758.980566943089,4758.980566943089,21,21,416769628247,416769628247,10,0,pre_1,close,199.87718381160974
2023-08-01,2023-08-01,2023-08-01,A2309,A,1,0,4752.285859553901,4752.285859553901,21,21,416770602355,416770602355,10,0,pre_1,open,199.59600610126384
2023-08-01,2023-08-01,2023-08-01,A2309,A,1,1,4752.285859553901,4752.285859553901,21,21,416770602355,416770602355,10,0,pre_1,close,199.59600610126384
2023-08-02,2023-08-02,2023-08-02,AG2310,AG,1,0,4023.1009394029015,4023.1009394029015,16,16,416772805728,416772805728,15,0,pre_1,open,193.10884509133928
2023-08-02,2023-08-02,2023-08-02,AG2310,AG,1,1,4023.1009394029015,4023.1009394029015,16,16,416772805728,416772805728,15,0,pre_1,close,193.10884509133928
2023-08-02,2023-08-02,2023-08-02,A2309,A,-1,0,4736.027284465872,4736.027284465872,21,21,416774363864,416774363864,10,0,pre_1,open,198.91314594756665
2023-08-02,2023-08-02,2023-08-02,A2309,A,-1,1,4736.027284465872,4736.027284465872,21,21,416774363864,416774363864,10,0,pre_1,close,198.91314594756665
2023-08-03,2023-08-03,2023-08-03,AG2310,AG,-1,0,4031.491139485077,4031.491139485077,16,16,416776021009,416776021009,15,0,pre_1,open,193.51157469528368
2023-08-03,2023-08-03,2023-08-03,AG2310,AG,-1,1,4031.491139485077,4031.491139485077,16,16,416776021009,416776021009,15,0,pre_1,close,193.51157469528368
2023-08-03,2023-08-03,2023-08-03,A2309,A,1,0,4705.422907829582,4705.422907829582,21,21,416778039104,416778039104,10,0,pre_1,open,197.62776212884245
2023-08-03,2023-08-03,2023-08-03,A2309,A,1,1,4705.422907829582,4705.422907829582,21,21,416778039104,416778039104,10,0,pre_1,close,197.62776212884245
2023-08-07,2023-08-07,2023-08-07,AG2310,AG,1,0,3950.3858720240514,3950.3858720240514,16,16,416780041229,416780041229,15,0,pre_1,open,189.61852185715446
2023-08-07,2023-08-07,2023-08-07,AG2310,AG,1,1,3950.3858720240514,3950.3858720240514,16,16,416780041229,416780041229,15,0,pre_1,close,189.61852185715446
2023-08-07,2023-08-07,2023-08-07,A2309,A,-1,0,4760.893340482858,4760.893340482858,21,21,416782483899,416782483899,10,0,pre_1,open,199.95752030028004
2023-08-07,2023-08-07,2023-08-07,A2309,A,-1,1,4760.893340482858,4760.893340482858,21,21,416782483899,416782483899,10,0,pre_1,close,199.95752030028004
2023-08-08,2023-08-08,2023-08-08,AG2310,AG,-1,0,3951.0850553642326,3951.0850553642326,16,16,416784744856,416784744856,15,0,pre_1,open,189.6520826574832
2023-08-08,2023-08-08,2023-08-08,AG2310,AG,-1,1,3951.0850553642326,3951.0850553642326,16,16,416784744856,416784744856,15,0,pre_1,close,189.6520826574832
2023-08-09,2023-08-09,2023-08-09,A2309,A,1,0,4769.500821411814,4769.500821411814,20,20,416786211829,416786211829,10,0,pre_1,open,190.78003285647256
2023-08-09,2023-08-09,2023-08-09,A2309,A,1,1,4769.500821411814,4769.500821411814,20,20,416786211829,416786211829,10,0,pre_1,close,190.78003285647256
2023-08-09,2023-08-09,2023-08-09,AG2310,AG,1,0,3880.467538005927,3880.467538005927,17,17,416788814916,416788814916,15,0,pre_1,open,197.90384443830231
2023-08-09,2023-08-09,2023-08-09,AG2310,AG,1,1,3880.467538005927,3880.467538005927,17,17,416788814916,416788814916,15,0,pre_1,close,197.90384443830231
2023-08-11,2023-08-11,2023-08-11,AG2310,AG,-1,0,3894.451204809552,3894.451204809552,17,17,416790544210,416790544210,15,0,pre_1,open,198.61701144528715
2023-08-11,2023-08-11,2023-08-11,AG2310,AG,-1,1,3894.451204809552,3894.451204809552,17,17,416790544210,416790544210,15,0,pre_1,close,198.61701144528715
2023-08-14,2023-08-14,2023-08-14,A2309,A,1,0,4822.102093755438,4822.102093755438,20,20,416791404571,416791404571,10,0,pre_1,open,192.8840837502175
2023-08-14,2023-08-14,2023-08-14,A2309,A,1,1,4822.102093755438,4822.102093755438,20,20,416791404571,416791404571,10,0,pre_1,close,192.8840837502175
2023-08-16,2023-08-16,2023-08-16,A2309,A,1,0,4863.226724860452,4863.226724860452,20,20,416793810115,416793810115,10,0,pre_1,open,194.52906899441808
2023-08-16,2023-08-16,2023-08-16,A2309,A,1,1,4863.226724860452,4863.226724860452,20,20,416793810115,416793810115,10,0,pre_1,close,194.52906899441808
2023-08-17,2023-08-17,2023-08-17,AG2310,AG,1,0,3941.995671941877,3941.995671941877,16,16,416795146492,416795146492,15,0,pre_1,open,189.2157922532101
2023-08-17,2023-08-17,2023-08-17,AG2310,AG,1,1,3941.995671941877,3941.995671941877,16,16,416795146492,416795146492,15,0,pre_1,close,189.2157922532101
2023-08-17,2023-08-17,2023-08-17,A2311,A,1,0,4871.860614891536,4871.860614891536,20,20,416797042911,416797042911,10,0,pre_1,open,194.87442459566145
2023-08-17,2023-08-17,2023-08-17,A2311,A,1,1,4871.860614891536,4871.860614891536,20,20,416797042911,416797042911,10,0,pre_1,close,194.87442459566145
2023-08-18,2023-08-18,2023-08-18,A2311,A,1,0,4968.722410581308,4968.722410581308,20,20,416799954837,416799954837,10,0,pre_1,open,198.74889642325232
2023-08-18,2023-08-18,2023-08-18,A2311,A,1,1,4968.722410581308,4968.722410581308,20,20,416799954837,416799954837,10,0,pre_1,close,198.74889642325232
2023-08-21,2023-08-21,2023-08-21,AG2310,AG,-1,0,3916.1258883551695,3916.1258883551695,17,17,416801742678,416801742678,15,0,pre_1,open,199.72242030611366
2023-08-21,2023-08-21,2023-08-21,AG2310,AG,-1,1,3916.1258883551695,3916.1258883551695,17,17,416801742678,416801742678,15,0,pre_1,close,199.72242030611366
2023-08-22,2023-08-22,2023-08-22,A2311,A,-1,0,5043.526569628855,5043.526569628855,19,19,416803548585,416803548585,10,0,pre_1,open,191.6540096458965
2023-08-22,2023-08-22,2023-08-22,A2311,A,-1,1,5043.526569628855,5043.526569628855,19,19,416803548585,416803548585,10,0,pre_1,close,191.6540096458965
2023-08-23,2023-08-23,2023-08-23,A2311,A,-1,0,4957.214078420147,4957.214078420147,20,20,416805397168,416805397168,10,0,pre_1,open,198.28856313680592
2023-08-23,2023-08-23,2023-08-23,A2311,A,-1,1,4957.214078420147,4957.214078420147,20,20,416805397168,416805397168,10,0,pre_1,close,198.28856313680592
2023-08-23,2023-08-23,2023-08-23,AG2310,AG,-1,0,3979.0523889714814,3979.0523889714814,16,16,416807268883,416807268883,15,0,pre_1,open,190.9945146706311
2023-08-23,2023-08-23,2023-08-23,AG2310,AG,-1,1,3979.0523889714814,3979.0523889714814,16,16,416807268883,416807268883,15,0,pre_1,close,190.9945146706311
2023-08-24,2023-08-24,2023-08-24,AG2310,AG,1,0,4061.5560231128698,4061.5560231128698,16,16,416809289160,416809289160,15,0,pre_1,open,194.95468910941776
2023-08-24,2023-08-24,2023-08-24,AG2310,AG,1,1,4061.5560231128698,4061.5560231128698,16,16,416809289160,416809289160,15,0,pre_1,close,194.95468910941776
2023-08-24,2023-08-24,2023-08-24,A2311,A,-1,0,4979.271715062373,4979.271715062373,20,20,416811436445,416811436445,10,0,pre_1,open,199.17086860249492
2023-08-24,2023-08-24,2023-08-24,A2311,A,-1,1,4979.271715062373,4979.271715062373,20,20,416811436445,416811436445,10,0,pre_1,close,199.17086860249492
2023-08-25,2023-08-25,2023-08-25,AG2310,AG,-1,0,4084.629073338851,4084.629073338851,16,16,416813863688,416813863688,15,0,pre_1,open,196.06219552026485
2023-08-25,2023-08-25,2023-08-25,AG2310,AG,-1,1,4084.629073338851,4084.629073338851,16,16,416813863688,416813863688,15,0,pre_1,close,196.06219552026485
2023-08-28,2023-08-28,2023-08-28,A2311,A,1,0,5042.567541948759,5042.567541948759,19,19,416815717846,416815717846,10,0,pre_1,open,191.61756659405285
2023-08-28,2023-08-28,2023-08-28,A2311,A,1,1,5042.567541948759,5042.567541948759,19,19,416815717846,416815717846,10,0,pre_1,close,191.61756659405285
2023-08-28,2023-08-28,2023-08-28,AG2310,AG,-1,0,4085.3282566790326,4085.3282566790326,16,16,416817160517,416817160517,15,0,pre_1,open,196.09575632059358
2023-08-28,2023-08-28,2023-08-28,AG2310,AG,-1,1,4085.3282566790326,4085.3282566790326,16,16,416817160517,416817160517,15,0,pre_1,close,196.09575632059358
2023-08-29,2023-08-29,2023-08-29,A2311,A,1,0,5045.444624989049,5045.444624989049,19,19,416819917279,416819917279,10,0,pre_1,open,191.72689574958386
2023-08-29,2023-08-29,2023-08-29,A2311,A,1,1,5045.444624989049,5045.444624989049,19,19,416819917279,416819917279,10,0,pre_1,close,191.72689574958386
2023-08-30,2023-08-30,2023-08-30,A2311,A,-1,0,5015.71476690605,5015.71476690605,19,19,416821941404,416821941404,10,0,pre_1,open,190.5971611424299
2023-08-30,2023-08-30,2023-08-30,A2311,A,-1,1,5015.71476690605,5015.71476690605,19,19,416821941404,416821941404,10,0,pre_1,close,190.5971611424299
2023-08-31,2023-08-31,2023-08-31,A2311,A,-1,0,5058.871012510404,5058.871012510404,19,19,416823457503,416823457503,10,0,pre_1,open,192.23709847539536
2023-08-31,2023-08-31,2023-08-31,A2311,A,-1,1,5058.871012510404,5058.871012510404,19,19,416823457503,416823457503,10,0,pre_1,close,192.23709847539536
2023-09-01,2023-09-01,2023-09-01,A2311,A,-1,0,5076.133510752145,5076.133510752145,19,19,416825385251,416825385251,10,0,pre_1,open,192.89307340858153
2023-09-01,2023-09-01,2023-09-01,A2311,A,-1,1,5076.133510752145,5076.133510752145,19,19,416825385251,416825385251,10,0,pre_1,close,192.89307340858153
2023-09-04,2023-09-04,2023-09-04,A2311,A,-1,0,5075.174483072048,5075.174483072048,19,19,416827242875,416827242875,10,0,pre_1,open,192.85663035673784
2023-09-04,2023-09-04,2023-09-04,A2311,A,-1,1,5075.174483072048,5075.174483072048,19,19,416827242875,416827242875,10,0,pre_1,close,192.85663035673784
2023-09-04,2023-09-04,2023-09-04,AG2310,AG,1,0,4172.026990861507,4172.026990861507,15,15,416830584850,416830584850,15,0,pre_1,open,187.74121458876783
2023-09-04,2023-09-04,2023-09-04,AG2310,AG,1,1,4172.026990861507,4172.026990861507,15,15,416830584850,416830584850,15,0,pre_1,close,187.74121458876783
2023-09-05,2023-09-05,2023-09-05,A2311,A,-1,0,5035.8543481880815,5035.8543481880815,19,19,416834706069,416834706069,10,0,pre_1,open,191.36246523114713
2023-09-05,2023-09-05,2023-09-05,A2311,A,-1,1,5035.8543481880815,5035.8543481880815,19,19,416834706069,416834706069,10,0,pre_1,close,191.36246523114713
2023-09-06,2023-09-06,2023-09-06,A2311,A,1,0,5032.018237467694,5032.018237467694,19,19,416837105041,416837105041,10,0,pre_1,open,191.2166930237724
2023-09-06,2023-09-06,2023-09-06,A2311,A,1,1,5032.018237467694,5032.018237467694,19,19,416837105041,416837105041,10,0,pre_1,close,191.2166930237724
2023-09-08,2023-09-08,2023-09-08,AG2310,AG,-1,0,3999.328705836739,3999.328705836739,16,16,416840264335,416840264335,15,0,pre_1,open,191.96777788016348
2023-09-08,2023-09-08,2023-09-08,AG2310,AG,-1,1,3999.328705836739,3999.328705836739,16,16,416840264335,416840264335,15,0,pre_1,close,191.96777788016348
2023-09-11,2023-09-11,2023-09-11,A2311,A,1,0,4958.173106100244,4958.173106100244,20,20,416843351809,416843351809,10,0,pre_1,open,198.32692424400975
2023-09-11,2023-09-11,2023-09-11,A2311,A,1,1,4958.173106100244,4958.173106100244,20,20,416843351809,416843351809,10,0,pre_1,close,198.32692424400975
2023-09-11,2023-09-11,2023-09-11,AG2310,AG,-1,0,4004.922172558189,4004.922172558189,16,16,416846394318,416846394318,15,0,pre_1,open,192.23626428279306
2023-09-11,2023-09-11,2023-09-11,AG2310,AG,-1,1,4004.922172558189,4004.922172558189,16,16,416846394318,416846394318,15,0,pre_1,close,192.23626428279306
2023-09-12,2023-09-12,2023-09-12,AG2310,AG,-1,0,4055.96255639142,4055.96255639142,16,16,416848543395,416848543395,15,0,pre_1,open,194.68620270678815
2023-09-12,2023-09-12,2023-09-12,AG2310,AG,-1,1,4055.96255639142,4055.96255639142,16,16,416848543395,416848543395,15,0,pre_1,close,194.68620270678815
2023-09-12,2023-09-12,2023-09-12,A2311,A,1,0,4945.705746258986,4945.705746258986,20,20,416851293137,416851293137,10,0,pre_1,open,197.8282298503595
2023-09-12,2023-09-12,2023-09-12,A2311,A,1,1,4945.705746258986,4945.705746258986,20,20,416851293137,416851293137,10,0,pre_1,close,197.8282298503595
2023-09-13,2023-09-13,2023-09-13,A2311,A,-1,0,4952.418940019664,4952.418940019664,20,20,416853421337,416853421337,10,0,pre_1,open,198.09675760078656
2023-09-13,2023-09-13,2023-09-13,A2311,A,-1,1,4952.418940019664,4952.418940019664,20,20,416853421337,416853421337,10,0,pre_1,close,198.09675760078656
2023-09-13,2023-09-13,2023-09-13,AG2310,AG,1,0,4042.678072927976,4042.678072927976,16,16,416855799770,416855799770,15,0,pre_1,open,194.04854750054284
2023-09-13,2023-09-13,2023-09-13,AG2310,AG,1,1,4042.678072927976,4042.678072927976,16,16,416855799770,416855799770,15,0,pre_1,close,194.04854750054284
2023-09-14,2023-09-14,2023-09-14,A2311,A,-1,0,4915.975888175986,4915.975888175986,20,20,416858130306,416858130306,10,0,pre_1,open,196.63903552703945
2023-09-14,2023-09-14,2023-09-14,A2311,A,-1,1,4915.975888175986,4915.975888175986,20,20,416858130306,416858130306,10,0,pre_1,close,196.63903552703945
2023-09-14,2023-09-14,2023-09-14,AG2310,AG,-1,0,4062.2552064530514,4062.2552064530514,16,16,416860617634,416860617634,15,0,pre_1,open,194.98824990974646
2023-09-14,2023-09-14,2023-09-14,AG2310,AG,-1,1,4062.2552064530514,4062.2552064530514,16,16,416860617634,416860617634,15,0,pre_1,close,194.98824990974646
2023-09-15,2023-09-15,2023-09-15,A2311,A,1,0,4893.918251533761,4893.918251533761,20,20,416864581141,416864581141,10,0,pre_1,open,195.75673006135042
2023-09-15,2023-09-15,2023-09-15,A2311,A,1,1,4893.918251533761,4893.918251533761,20,20,416864581141,416864581141,10,0,pre_1,close,195.75673006135042
2023-09-15,2023-09-15,2023-09-15,AG2310,AG,-1,0,4124.482523729183,4124.482523729183,16,16,416866191274,416866191274,15,0,pre_1,open,197.97516113900082
2023-09-15,2023-09-15,2023-09-15,AG2310,AG,-1,1,4124.482523729183,4124.482523729183,16,16,416866191274,416866191274,15,0,pre_1,close,197.97516113900082
2023-09-18,2023-09-18,2023-09-18,A2311,A,1,0,4878.573808652213,4878.573808652213,20,20,416868264139,416868264139,10,0,pre_1,open,195.14295234608855
2023-09-18,2023-09-18,2023-09-18,A2311,A,1,1,4878.573808652213,4878.573808652213,20,20,416868264139,416868264139,10,0,pre_1,close,195.14295234608855
2023-09-18,2023-09-18,2023-09-18,AG2402,AG,-1,0,4124.520451127352,4124.520451127352,16,16,416870097625,416870097625,15,0,pre_1,open,197.9769816541129
2023-09-18,2023-09-18,2023-09-18,AG2402,AG,-1,1,4124.520451127352,4124.520451127352,16,16,416870097625,416870097625,15,0,pre_1,close,197.9769816541129
2023-09-19,2023-09-19,2023-09-19,A2311,A,-1,0,4890.082140813374,4890.082140813374,20,20,416874724310,416874724310,10,0,pre_1,open,195.60328563253498
2023-09-19,2023-09-19,2023-09-19,A2311,A,-1,1,4890.082140813374,4890.082140813374,20,20,416874724310,416874724310,10,0,pre_1,close,195.60328563253498
2023-09-20,2023-09-20,2023-09-20,AG2402,AG,1,0,4108.501543600178,4108.501543600178,16,16,416877130734,416877130734,15,0,pre_1,open,197.20807409280854
2023-09-20,2023-09-20,2023-09-20,AG2402,AG,1,1,4108.501543600178,4108.501543600178,16,16,416877130734,416877130734,15,0,pre_1,close,197.20807409280854
2023-09-20,2023-09-20,2023-09-20,A2311,A,-1,0,4867.065476491051,4867.065476491051,20,20,416880940934,416880940934,10,0,pre_1,open,194.68261905964206
2023-09-20,2023-09-20,2023-09-20,A2311,A,-1,1,4867.065476491051,4867.065476491051,20,20,416880940934,416880940934,10,0,pre_1,close,194.68261905964206
2023-09-21,2023-09-21,2023-09-21,A2311,A,-1,0,4916.934915856084,4916.934915856084,20,20,416883407562,416883407562,10,0,pre_1,open,196.6773966342434
2023-09-21,2023-09-21,2023-09-21,A2311,A,-1,1,4916.934915856084,4916.934915856084,20,20,416883407562,416883407562,10,0,pre_1,close,196.6773966342434
2023-09-22,2023-09-22,2023-09-22,AG2402,AG,-1,0,4068.106037662085,4068.106037662085,16,16,416886872651,416886872651,15,0,pre_1,open,195.26908980778006
2023-09-22,2023-09-22,2023-09-22,AG2402,AG,-1,1,4068.106037662085,4068.106037662085,16,16,416886872651,416886872651,15,0,pre_1,close,195.26908980778006
2023-09-22,2023-09-22,2023-09-22,A2311,A,-1,0,4903.508528334729,4903.508528334729,20,20,416889185252,416889185252,10,0,pre_1,open,196.14034113338917
2023-09-22,2023-09-22,2023-09-22,A2311,A,-1,1,4903.508528334729,4903.508528334729,20,20,416889185252,416889185252,10,0,pre_1,close,196.14034113338917
2023-09-25,2023-09-25,2023-09-25,A2311,A,1,0,4883.368947052697,4883.368947052697,20,20,416891695472,416891695472,10,0,pre_1,open,195.33475788210788
2023-09-25,2023-09-25,2023-09-25,A2311,A,1,1,4883.368947052697,4883.368947052697,20,20,416891695472,416891695472,10,0,pre_1,close,195.33475788210788
2023-09-26,2023-09-26,2023-09-26,AG2402,AG,-1,0,4138.449935933591,4138.449935933591,16,16,416894249682,416894249682,15,0,pre_1,open,198.6455969248124
2023-09-26,2023-09-26,2023-09-26,AG2402,AG,-1,1,4138.449935933591,4138.449935933591,16,16,416894249682,416894249682,15,0,pre_1,close,198.6455969248124
2023-09-27,2023-09-27,2023-09-27,A2311,A,1,0,4855.55714432989,4855.55714432989,20,20,416897377288,416897377288,10,0,pre_1,open,194.2222857731956
2023-09-27,2023-09-27,2023-09-27,A2311,A,1,1,4855.55714432989,4855.55714432989,20,20,416897377288,416897377288,10,0,pre_1,close,194.2222857731956
2023-09-27,2023-09-27,2023-09-27,AG2402,AG,1,0,4089.696739111755,4089.696739111755,16,16,416899616888,416899616888,15,0,pre_1,open,196.30544347736424
2023-09-27,2023-09-27,2023-09-27,AG2402,AG,1,1,4089.696739111755,4089.696739111755,16,16,416899616888,416899616888,15,0,pre_1,close,196.30544347736424
2023-09-28,2023-09-28,2023-09-28,A2311,A,-1,0,4865.147421130859,4865.147421130859,20,20,416901163693,416901163693,10,0,pre_1,open,194.60589684523435
2023-09-28,2023-09-28,2023-09-28,A2311,A,-1,1,4865.147421130859,4865.147421130859,20,20,416901163693,416901163693,10,0,pre_1,close,194.60589684523435
2023-10-10,2023-10-10,2023-10-10,AG2402,AG,-1,0,3939.2583032043744,3939.2583032043744,16,16,416903603991,416903603991,15,0,pre_1,open,189.08439855380996
2023-10-10,2023-10-10,2023-10-10,AG2402,AG,-1,1,3939.2583032043744,3939.2583032043744,16,16,416903603991,416903603991,15,0,pre_1,close,189.08439855380996
2023-10-10,2023-10-10,2023-10-10,A2311,A,1,0,4870.901587211439,4870.901587211439,20,20,416907361430,416907361430,10,0,pre_1,open,194.83606348845757
2023-10-10,2023-10-10,2023-10-10,A2311,A,1,1,4870.901587211439,4870.901587211439,20,20,416907361430,416907361430,10,0,pre_1,close,194.83606348845757
2023-10-11,2023-10-11,2023-10-11,AG2402,AG,-1,0,3929.507663840007,3929.507663840007,16,16,416910898730,416910898730,15,0,pre_1,open,188.61636786432035
2023-10-11,2023-10-11,2023-10-11,AG2402,AG,-1,1,3929.507663840007,3929.507663840007,16,16,416910898730,416910898730,15,0,pre_1,close,188.61636786432035
2023-10-12,2023-10-12,2023-10-12,A2311,A,-1,0,4868.983531851245,4868.983531851245,20,20,416913800956,416913800956,10,0,pre_1,open,194.75934127404983
2023-10-12,2023-10-12,2023-10-12,A2311,A,-1,1,4868.983531851245,4868.983531851245,20,20,416913800956,416913800956,10,0,pre_1,close,194.75934127404983
2023-10-12,2023-10-12,2023-10-12,AG2402,AG,-1,0,3953.1877880106135,3953.1877880106135,16,16,416915828386,416915828386,15,0,pre_1,open,189.75301382450945
2023-10-12,2023-10-12,2023-10-12,AG2402,AG,-1,1,3953.1877880106135,3953.1877880106135,16,16,416915828386,416915828386,15,0,pre_1,close,189.75301382450945
2023-10-13,2023-10-13,2023-10-13,AG2402,AG,1,0,3965.724324336228,3965.724324336228,16,16,416920309599,416920309599,15,0,pre_1,open,190.35476756813895
2023-10-13,2023-10-13,2023-10-13,AG2402,AG,1,1,3965.724324336228,3965.724324336228,16,16,416920309599,416920309599,15,0,pre_1,close,190.35476756813895
2023-10-13,2023-10-13,2023-10-13,A2311,A,1,0,4856.516172009988,4856.516172009988,20,20,416923029646,416923029646,10,0,pre_1,open,194.2606468803995
2023-10-13,2023-10-13,2023-10-13,A2311,A,1,1,4856.516172009988,4856.516172009988,20,20,416923029646,416923029646,10,0,pre_1,close,194.2606468803995
2023-10-16,2023-10-16,2023-10-16,AG2402,AG,1,0,4045.1223877317902,4045.1223877317902,16,16,416926627768,416926627768,15,0,pre_1,open,194.16587461112593
2023-10-16,2023-10-16,2023-10-16,AG2402,AG,1,1,4045.1223877317902,4045.1223877317902,16,16,416926627768,416926627768,15,0,pre_1,close,194.16587461112593
2023-10-17,2023-10-17,2023-10-17,A2311,A,1,0,4826.786313926988,4826.786313926988,20,20,416929259293,416929259293,10,0,pre_1,open,193.07145255707954
2023-10-17,2023-10-17,2023-10-17,A2311,A,1,1,4826.786313926988,4826.786313926988,20,20,416929259293,416929259293,10,0,pre_1,close,193.07145255707954
2023-10-17,2023-10-17,2023-10-17,AG2402,AG,-1,0,4062.534243739589,4062.534243739589,16,16,416932674403,416932674403,15,0,pre_1,open,195.00164369950028
2023-10-17,2023-10-17,2023-10-17,AG2402,AG,-1,1,4062.534243739589,4062.534243739589,16,16,416932674403,416932674403,15,0,pre_1,close,195.00164369950028
2023-10-18,2023-10-18,2023-10-18,AG2402,AG,-1,0,4059.748346778341,4059.748346778341,16,16,416935572274,416935572274,15,0,pre_1,open,194.86792064536039
2023-10-18,2023-10-18,2023-10-18,AG2402,AG,-1,1,4059.748346778341,4059.748346778341,16,16,416935572274,416935572274,15,0,pre_1,close,194.86792064536039
2023-10-20,2023-10-20,2023-10-20,AG2402,AG,1,0,4064.623666460525,4064.623666460525,16,16,416937336371,416937336371,15,0,pre_1,open,195.1019359901052
2023-10-20,2023-10-20,2023-10-20,AG2402,AG,1,1,4064.623666460525,4064.623666460525,16,16,416937336371,416937336371,15,0,pre_1,close,195.1019359901052
2023-10-20,2023-10-20,2023-10-20,A2401,A,-1,0,4724.114145406153,4724.114145406153,21,21,416939604751,416939604751,10,0,pre_1,open,198.41279410705843
2023-10-20,2023-10-20,2023-10-20,A2401,A,-1,1,4724.114145406153,4724.114145406153,21,21,416939604751,416939604751,10,0,pre_1,close,198.41279410705843
2023-10-23,2023-10-23,2023-10-23,AG2402,AG,1,0,4088.303790631131,4088.303790631131,16,16,416943577263,416943577263,15,0,pre_1,open,196.2385819502943
2023-10-23,2023-10-23,2023-10-23,AG2402,AG,1,1,4088.303790631131,4088.303790631131,16,16,416943577263,416943577263,15,0,pre_1,close,196.2385819502943
2023-10-23,2023-10-23,2023-10-23,A2401,A,1,0,4729.896414861974,4729.896414861974,21,21,416947076594,416947076594,10,0,pre_1,open,198.65564942420295
2023-10-23,2023-10-23,2023-10-23,A2401,A,1,1,4729.896414861974,4729.896414861974,21,21,416947076594,416947076594,10,0,pre_1,close,198.65564942420295
2023-10-24,2023-10-24,2023-10-24,A2401,A,1,0,4707.731048614658,4707.731048614658,21,21,416950522369,416950522369,10,0,pre_1,open,197.72470404181564
2023-10-24,2023-10-24,2023-10-24,A2401,A,1,1,4707.731048614658,4707.731048614658,21,21,416950522369,416950522369,10,0,pre_1,close,197.72470404181564
2023-10-24,2023-10-24,2023-10-24,AG2402,AG,-1,0,4065.320140700837,4065.320140700837,16,16,416954914479,416954914479,15,0,pre_1,open,195.13536675364017
2023-10-24,2023-10-24,2023-10-24,AG2402,AG,-1,1,4065.320140700837,4065.320140700837,16,16,416954914479,416954914479,15,0,pre_1,close,195.13536675364017
2023-10-26,2023-10-26,2023-10-26,A2401,A,-1,0,4672.073720303759,4672.073720303759,21,21,416958868081,416958868081,10,0,pre_1,open,196.2270962527579
2023-10-26,2023-10-26,2023-10-26,A2401,A,-1,1,4672.073720303759,4672.073720303759,21,21,416958868081,416958868081,10,0,pre_1,close,196.2270962527579
2023-10-26,2023-10-26,2023-10-26,AG2402,AG,-1,0,4051.390655894598,4051.390655894598,16,16,416963985070,416963985070,15,0,pre_1,open,194.4667514829407
2023-10-26,2023-10-26,2023-10-26,AG2402,AG,-1,1,4051.390655894598,4051.390655894598,16,16,416963985070,416963985070,15,0,pre_1,close,194.4667514829407
2023-10-31,2023-10-31,2023-10-31,AG2402,AG,1,0,4142.628781375463,4142.628781375463,16,16,416968298507,416968298507,15,0,pre_1,open,198.84618150602225
2023-10-31,2023-10-31,2023-10-31,AG2402,AG,1,1,4142.628781375463,4142.628781375463,16,16,416968298507,416968298507,15,0,pre_1,close,198.84618150602225
2023-10-31,2023-10-31,2023-10-31,A2401,A,-1,0,4710.622183342569,4710.622183342569,21,21,416970539990,416970539990,10,0,pre_1,open,197.8461317003879
2023-10-31,2023-10-31,2023-10-31,A2401,A,-1,1,4710.622183342569,4710.622183342569,21,21,416970539990,416970539990,10,0,pre_1,close,197.8461317003879
2023-11-01,2023-11-01,2023-11-01,AG2402,AG,-1,0,4082.035522468324,4082.035522468324,16,16,416974441662,416974441662,15,0,pre_1,open,195.93770507847955
2023-11-01,2023-11-01,2023-11-01,AG2402,AG,-1,1,4082.035522468324,4082.035522468324,16,16,416974441662,416974441662,15,0,pre_1,close,195.93770507847955
2023-11-02,2023-11-02,2023-11-02,A2401,A,-1,0,4674.96485503167,4674.96485503167,21,21,416978510015,416978510015,10,0,pre_1,open,196.34852391133015
2023-11-02,2023-11-02,2023-11-02,A2401,A,-1,1,4674.96485503167,4674.96485503167,21,21,416978510015,416978510015,10,0,pre_1,close,196.34852391133015
2023-11-03,2023-11-03,2023-11-03,AG2402,AG,-1,0,4065.320140700837,4065.320140700837,16,16,416983111575,416983111575,15,0,pre_1,open,195.13536675364017
2023-11-03,2023-11-03,2023-11-03,AG2402,AG,-1,1,4065.320140700837,4065.320140700837,16,16,416983111575,416983111575,15,0,pre_1,close,195.13536675364017
2023-11-06,2023-11-06,2023-11-06,A2401,A,1,0,4750.1343579573495,4750.1343579573495,21,21,416986688509,416986688509,10,0,pre_1,open,199.5056430342087
2023-11-06,2023-11-06,2023-11-06,A2401,A,1,1,4750.1343579573495,4750.1343579573495,21,21,416986688509,416986688509,10,0,pre_1,close,199.5056430342087
2023-11-06,2023-11-06,2023-11-06,AG2402,AG,1,0,4111.983914801737,4111.983914801737,16,16,416991889569,416991889569,15,0,pre_1,open,197.3752279104834
2023-11-06,2023-11-06,2023-11-06,AG2402,AG,1,1,4111.983914801737,4111.983914801737,16,16,416991889569,416991889569,15,0,pre_1,close,197.3752279104834
2023-11-08,2023-11-08,2023-11-08,A2401,A,-1,0,4755.91662741317,4755.91662741317,21,21,416995184776,416995184776,10,0,pre_1,open,199.7484983513532
2023-11-08,2023-11-08,2023-11-08,A2401,A,-1,1,4755.91662741317,4755.91662741317,21,21,416995184776,416995184776,10,0,pre_1,close,199.7484983513532
2023-11-09,2023-11-09,2023-11-09,A2401,A,1,0,4784.827974692278,4784.827974692278,20,20,416999530971,416999530971,10,0,pre_1,open,191.39311898769114
2023-11-09,2023-11-09,2023-11-09,A2401,A,1,1,4784.827974692278,4784.827974692278,20,20,416999530971,416999530971,10,0,pre_1,close,191.39311898769114
2023-11-09,2023-11-09,2023-11-09,AG2402,AG,1,0,4002.6374590727614,4002.6374590727614,16,16,417003872866,417003872866,15,0,pre_1,open,192.12659803549255
2023-11-09,2023-11-09,2023-11-09,AG2402,AG,1,1,4002.6374590727614,4002.6374590727614,16,16,417003872866,417003872866,15,0,pre_1,close,192.12659803549255
2023-11-10,2023-11-10,2023-11-10,A2401,A,1,0,4801.211071483773,4801.211071483773,20,20,417008873916,417008873916,10,0,pre_1,open,192.04844285935093
2023-11-10,2023-11-10,2023-11-10,A2401,A,1,1,4801.211071483773,4801.211071483773,20,20,417008873916,417008873916,10,0,pre_1,close,192.04844285935093
2023-11-10,2023-11-10,2023-11-10,AG2402,AG,1,0,3999.851562111514,3999.851562111514,16,16,417011345307,417011345307,15,0,pre_1,open,191.99287498135268
2023-11-10,2023-11-10,2023-11-10,AG2402,AG,1,1,3999.851562111514,3999.851562111514,16,16,417011345307,417011345307,15,0,pre_1,close,191.99287498135268
2023-11-13,2023-11-13,2023-11-13,A2401,A,1,0,4742.424665349588,4742.424665349588,21,21,417015527476,417015527476,10,0,pre_1,open,199.18183594468272
2023-11-13,2023-11-13,2023-11-13,A2401,A,1,1,4742.424665349588,4742.424665349588,21,21,417015527476,417015527476,10,0,pre_1,close,199.18183594468272
2023-11-14,2023-11-14,2023-11-14,A2401,A,-1,0,4726.041568558093,4726.041568558093,21,21,417019496686,417019496686,10,0,pre_1,open,198.4937458794399
2023-11-14,2023-11-14,2023-11-14,A2401,A,-1,1,4726.041568558093,4726.041568558093,21,21,417019496686,417019496686,10,0,pre_1,close,198.4937458794399
2023-11-14,2023-11-14,2023-11-14,AG2402,AG,-1,0,3960.1525304137326,3960.1525304137326,16,16,417024877582,417024877582,15,0,pre_1,open,190.08732145985917
2023-11-14,2023-11-14,2023-11-14,AG2402,AG,-1,1,3960.1525304137326,3960.1525304137326,16,16,417024877582,417024877582,15,0,pre_1,close,190.08732145985917
2023-11-17,2023-11-17,2023-11-17,AG2402,AG,1,0,4106.412120879242,4106.412120879242,16,16,417028054874,417028054874,15,0,pre_1,open,197.10778180220362
2023-11-17,2023-11-17,2023-11-17,AG2402,AG,1,1,4106.412120879242,4106.412120879242,16,16,417028054874,417028054874,15,0,pre_1,close,197.10778180220362
2023-11-17,2023-11-17,2023-11-17,A2401,A,1,0,4859.033766041987,4859.033766041987,20,20,417032229233,417032229233,10,0,pre_1,open,194.3613506416795
2023-11-17,2023-11-17,2023-11-17,A2401,A,1,1,4859.033766041987,4859.033766041987,20,20,417032229233,417032229233,10,0,pre_1,close,194.3613506416795
2023-11-20,2023-11-20,2023-11-20,A2401,A,-1,0,4876.380574409452,4876.380574409452,20,20,417036035489,417036035489,10,0,pre_1,open,195.05522297637805
2023-11-20,2023-11-20,2023-11-20,A2401,A,-1,1,4876.380574409452,4876.380574409452,20,20,417036035489,417036035489,10,0,pre_1,close,195.05522297637805
2023-11-20,2023-11-20,2023-11-20,AG2402,AG,1,0,4137.056987452967,4137.056987452967,16,16,417040169332,417040169332,15,0,pre_1,open,198.57873539774243
2023-11-20,2023-11-20,2023-11-20,AG2402,AG,1,1,4137.056987452967,4137.056987452967,16,16,417040169332,417040169332,15,0,pre_1,close,198.57873539774243
2023-11-21,2023-11-21,2023-11-21,AG2402,AG,1,0,4066.016614941149,4066.016614941149,16,16,417044296333,417044296333,15,0,pre_1,open,195.16879751717514
2023-11-21,2023-11-21,2023-11-21,AG2402,AG,1,1,4066.016614941149,4066.016614941149,16,16,417044296333,417044296333,15,0,pre_1,close,195.16879751717514
2023-11-22,2023-11-22,2023-11-22,A2401,A,-1,0,4868.67088180169,4868.67088180169,20,20,417048052563,417048052563,10,0,pre_1,open,194.74683527206759
2023-11-22,2023-11-22,2023-11-22,A2401,A,-1,1,4868.67088180169,4868.67088180169,20,20,417048052563,417048052563,10,0,pre_1,close,194.74683527206759
2023-11-23,2023-11-23,2023-11-23,AG2402,AG,1,0,4107.108595119554,4107.108595119554,16,16,417052680505,417052680505,15,0,pre_1,open,197.14121256573858
2023-11-23,2023-11-23,2023-11-23,AG2402,AG,1,1,4107.108595119554,4107.108595119554,16,16,417052680505,417052680505,15,0,pre_1,close,197.14121256573858
2023-11-24,2023-11-24,2023-11-24,A2401,A,1,0,4882.162843865273,4882.162843865273,20,20,417056946261,417056946261,10,0,pre_1,open,195.28651375461092
2023-11-24,2023-11-24,2023-11-24,A2401,A,1,1,4882.162843865273,4882.162843865273,20,20,417056946261,417056946261,10,0,pre_1,close,195.28651375461092
2023-11-24,2023-11-24,2023-11-24,AG2402,AG,1,0,4089.000264871443,4089.000264871443,16,16,417060832066,417060832066,15,0,pre_1,open,196.27201271382927
2023-11-24,2023-11-24,2023-11-24,AG2402,AG,1,1,4089.000264871443,4089.000264871443,16,16,417060832066,417060832066,15,0,pre_1,close,196.27201271382927
2023-11-27,2023-11-27,2023-11-27,AG2402,AG,1,0,4088.303790631131,4088.303790631131,16,16,417064247427,417064247427,15,0,pre_1,open,196.2385819502943
2023-11-27,2023-11-27,2023-11-27,AG2402,AG,1,1,4088.303790631131,4088.303790631131,16,16,417064247427,417064247427,15,0,pre_1,close,196.2385819502943
2023-11-28,2023-11-28,2023-11-28,A2401,A,-1,0,4856.142631314076,4856.142631314076,20,20,417068500936,417068500936,10,0,pre_1,open,194.24570525256308
2023-11-28,2023-11-28,2023-11-28,A2401,A,-1,1,4856.142631314076,4856.142631314076,20,20,417068500936,417068500936,10,0,pre_1,close,194.24570525256308
2023-11-29,2023-11-29,2023-11-29,AG2402,AG,-1,0,4276.3518355153565,4276.3518355153565,15,15,417071719691,417071719691,15,0,pre_1,open,192.43583259819104
2023-11-29,2023-11-29,2023-11-29,AG2402,AG,-1,1,4276.3518355153565,4276.3518355153565,15,15,417071719691,417071719691,15,0,pre_1,close,192.43583259819104
2023-11-30,2023-11-30,2023-11-30,AG2402,AG,-1,0,4273.565938554109,4273.565938554109,15,15,417074021785,417074021785,15,0,pre_1,open,192.31046723493495
2023-11-30,2023-11-30,2023-11-30,AG2402,AG,-1,1,4273.565938554109,4273.565938554109,15,15,417074021785,417074021785,15,0,pre_1,close,192.31046723493495
2023-12-01,2023-12-01,2023-12-01,AG2402,AG,1,0,4293.763691523156,4293.763691523156,15,15,417078942977,417078942977,15,0,pre_1,open,193.219366118542
2023-12-01,2023-12-01,2023-12-01,AG2402,AG,1,1,4293.763691523156,4293.763691523156,15,15,417078942977,417078942977,15,0,pre_1,close,193.219366118542
2023-12-01,2023-12-01,2023-12-01,A2401,A,-1,0,4851.324073434225,4851.324073434225,20,20,417082753397,417082753397,10,0,pre_1,open,194.05296293736902
2023-12-01,2023-12-01,2023-12-01,A2401,A,-1,1,4851.324073434225,4851.324073434225,20,20,417082753397,417082753397,10,0,pre_1,close,194.05296293736902
2023-12-04,2023-12-04,2023-12-04,A2401,A,1,0,4832.049841914821,4832.049841914821,20,20,417085663902,417085663902,10,0,pre_1,open,193.28199367659283
2023-12-04,2023-12-04,2023-12-04,A2401,A,1,1,4832.049841914821,4832.049841914821,20,20,417085663902,417085663902,10,0,pre_1,close,193.28199367659283
2023-12-05,2023-12-05,2023-12-05,A2401,A,-1,0,4777.118282084516,4777.118282084516,20,20,417090950223,417090950223,10,0,pre_1,open,191.08473128338065
2023-12-05,2023-12-05,2023-12-05,A2401,A,-1,1,4777.118282084516,4777.118282084516,20,20,417090950223,417090950223,10,0,pre_1,close,191.08473128338065
2023-12-06,2023-12-06,2023-12-06,A2401,A,1,0,4747.243223229439,4747.243223229439,21,21,417094231784,417094231784,10,0,pre_1,open,199.38421537563644
2023-12-06,2023-12-06,2023-12-06,A2401,A,1,1,4747.243223229439,4747.243223229439,21,21,417094231784,417094231784,10,0,pre_1,close,199.38421537563644
2023-12-06,2023-12-06,2023-12-06,AG2402,AG,-1,0,4168.398328267005,4168.398328267005,15,15,417097294236,417097294236,15,0,pre_1,open,187.57792477201522
2023-12-06,2023-12-06,2023-12-06,AG2402,AG,-1,1,4168.398328267005,4168.398328267005,15,15,417097294236,417097294236,15,0,pre_1,close,187.57792477201522
2023-12-07,2023-12-07,2023-12-07,AG2402,AG,-1,0,4164.915957065446,4164.915957065446,16,16,417101255720,417101255720,15,0,pre_1,open,199.9159659391414
2023-12-07,2023-12-07,2023-12-07,AG2402,AG,-1,1,4164.915957065446,4164.915957065446,16,16,417101255720,417101255720,15,0,pre_1,close,199.9159659391414
2023-12-08,2023-12-08,2023-12-08,AG2402,AG,1,0,4164.915957065446,4164.915957065446,16,16,417105092410,417105092410,15,0,pre_1,open,199.9159659391414
2023-12-08,2023-12-08,2023-12-08,AG2402,AG,1,1,4164.915957065446,4164.915957065446,16,16,417105092410,417105092410,15,0,pre_1,close,199.9159659391414
2023-12-08,2023-12-08,2023-12-08,A2401,A,-1,0,4725.077856982123,4725.077856982123,21,21,417108426926,417108426926,10,0,pre_1,open,198.4532699932492
2023-12-08,2023-12-08,2023-12-08,A2401,A,-1,1,4725.077856982123,4725.077856982123,21,21,417108426926,417108426926,10,0,pre_1,close,198.4532699932492
2023-12-11,2023-12-11,2023-12-11,AG2402,AG,-1,0,4178.148967631372,4178.148967631372,15,15,417113453180,417113453180,15,0,pre_1,open,188.01670354341175
2023-12-11,2023-12-11,2023-12-11,AG2402,AG,-1,1,4178.148967631372,4178.148967631372,15,15,417113453180,417113453180,15,0,pre_1,close,188.01670354341175
2023-12-11,2023-12-11,2023-12-11,A2401,A,-1,0,4741.460953773617,4741.460953773617,21,21,417117015639,417117015639,10,0,pre_1,open,199.14136005849193
2023-12-11,2023-12-11,2023-12-11,A2401,A,-1,1,4741.460953773617,4741.460953773617,21,21,417117015639,417117015639,10,0,pre_1,close,199.14136005849193
2023-12-12,2023-12-12,2023-12-12,A2401,A,-1,0,4750.1343579573495,4750.1343579573495,21,21,417121482130,417121482130,10,0,pre_1,open,199.5056430342087
2023-12-12,2023-12-12,2023-12-12,A2401,A,-1,1,4750.1343579573495,4750.1343579573495,21,21,417121482130,417121482130,10,0,pre_1,close,199.5056430342087
2023-12-12,2023-12-12,2023-12-12,AG2402,AG,1,0,4078.553151266764,4078.553151266764,16,16,417125492081,417125492081,15,0,pre_1,open,195.77055126080467
2023-12-12,2023-12-12,2023-12-12,AG2402,AG,1,1,4078.553151266764,4078.553151266764,16,16,417125492081,417125492081,15,0,pre_1,close,195.77055126080467
2023-12-13,2023-12-13,2023-12-13,A2401,A,-1,0,4774.227147356605,4774.227147356605,20,20,417129403257,417129403257,10,0,pre_1,open,190.96908589426425
2023-12-13,2023-12-13,2023-12-13,A2401,A,-1,1,4774.227147356605,4774.227147356605,20,20,417129403257,417129403257,10,0,pre_1,close,190.96908589426425
2023-12-14,2023-12-14,2023-12-14,AG2402,AG,1,0,4065.320140700837,4065.320140700837,16,16,417133565299,417133565299,15,0,pre_1,open,195.13536675364017
2023-12-14,2023-12-14,2023-12-14,AG2402,AG,1,1,4065.320140700837,4065.320140700837,16,16,417133565299,417133565299,15,0,pre_1,close,195.13536675364017
2023-12-15,2023-12-15,2023-12-15,A2403,A,1,0,4655.560435128032,4655.560435128032,21,21,417138816999,417138816999,10,0,pre_1,open,195.53353827537734
2023-12-15,2023-12-15,2023-12-15,A2403,A,1,1,4655.560435128032,4655.560435128032,21,21,417138816999,417138816999,10,0,pre_1,close,195.53353827537734
2023-12-18,2023-12-18,2023-12-18,AG2402,AG,-1,0,4192.078452437611,4192.078452437611,15,15,417143839347,417143839347,15,0,pre_1,open,188.6435303596925
2023-12-18,2023-12-18,2023-12-18,AG2402,AG,-1,1,4192.078452437611,4192.078452437611,15,15,417143839347,417143839347,15,0,pre_1,close,188.6435303596925
2023-12-19,2023-12-19,2023-12-19,A2403,A,-1,0,4645.891566103882,4645.891566103882,21,21,417146952468,417146952468,10,0,pre_1,open,195.12744577636306
2023-12-19,2023-12-19,2023-12-19,A2403,A,-1,1,4645.891566103882,4645.891566103882,21,21,417146952468,417146952468,10,0,pre_1,close,195.12744577636306
2023-12-20,2023-12-20,2023-12-20,A2403,A,-1,0,4659.427982737691,4659.427982737691,21,21,417149967457,417149967457,10,0,pre_1,open,195.69597527498306
2023-12-20,2023-12-20,2023-12-20,A2403,A,-1,1,4659.427982737691,4659.427982737691,21,21,417149967457,417149967457,10,0,pre_1,close,195.69597527498306
2023-12-21,2023-12-21,2023-12-21,AG2402,AG,-1,0,4192.774926677923,4192.774926677923,15,15,417151555703,417151555703,15,0,pre_1,open,188.67487170050654
2023-12-21,2023-12-21,2023-12-21,AG2402,AG,-1,1,4192.774926677923,4192.774926677923,15,15,417151555703,417151555703,15,0,pre_1,close,188.67487170050654
2023-12-21,2023-12-21,2023-12-21,A2403,A,1,0,4677.798833883576,4677.798833883576,21,21,417153889082,417153889082,10,0,pre_1,open,196.4675510231102
2023-12-21,2023-12-21,2023-12-21,A2403,A,1,1,4677.798833883576,4677.798833883576,21,21,417153889082,417153889082,10,0,pre_1,close,196.4675510231102
2023-12-22,2023-12-22,2023-12-22,A2403,A,1,0,4727.110065906739,4727.110065906739,21,21,417155967633,417155967633,10,0,pre_1,open,198.53862276808303
2023-12-22,2023-12-22,2023-12-22,A2403,A,1,1,4727.110065906739,4727.110065906739,21,21,417155967633,417155967633,10,0,pre_1,close,198.53862276808303
2023-12-22,2023-12-22,2023-12-22,AG2402,AG,1,0,4217.847999329153,4217.847999329153,15,15,417157391360,417157391360,15,0,pre_1,open,189.8031599698119
2023-12-22,2023-12-22,2023-12-22,AG2402,AG,1,1,4217.847999329153,4217.847999329153,15,15,417157391360,417157391360,15,0,pre_1,close,189.8031599698119
2023-12-25,2023-12-25,2023-12-25,AG2402,AG,-1,0,4240.135175019135,4240.135175019135,15,15,417159503353,417159503353,15,0,pre_1,open,190.80608287586108
2023-12-25,2023-12-25,2023-12-25,AG2402,AG,-1,1,4240.135175019135,4240.135175019135,15,15,417159503353,417159503353,15,0,pre_1,close,190.80608287586108
2023-12-26,2023-12-26,2023-12-26,AG2402,AG,1,0,4225.509215972585,4225.509215972585,15,15,417161427770,417161427770,15,0,pre_1,open,190.14791471876632
2023-12-26,2023-12-26,2023-12-26,AG2402,AG,1,1,4225.509215972585,4225.509215972585,15,15,417161427770,417161427770,15,0,pre_1,close,190.14791471876632
2023-12-26,2023-12-26,2023-12-26,A2403,A,1,0,4737.745821833303,4737.745821833303,21,21,417163946824,417163946824,10,0,pre_1,open,198.98532451699873
2023-12-26,2023-12-26,2023-12-26,A2403,A,1,1,4737.745821833303,4737.745821833303,21,21,417163946824,417163946824,10,0,pre_1,close,198.98532451699873
2023-12-27,2023-12-27,2023-12-27,AG2402,AG,1,0,4245.706968941631,4245.706968941631,15,15,417165759551,417165759551,15,0,pre_1,open,191.0568136023734
2023-12-27,2023-12-27,2023-12-27,AG2402,AG,1,1,4245.706968941631,4245.706968941631,15,15,417165759551,417165759551,15,0,pre_1,close,191.0568136023734
2023-12-27,2023-12-27,2023-12-27,A2403,A,1,0,4758.050446784017,4758.050446784017,21,21,417167601384,417167601384,10,0,pre_1,open,199.83811876492874
2023-12-27,2023-12-27,2023-12-27,A2403,A,1,1,4758.050446784017,4758.050446784017,21,21,417167601384,417167601384,10,0,pre_1,close,199.83811876492874
2023-12-28,2023-12-28,2023-12-28,A2403,A,-1,0,4803.49413119752,4803.49413119752,20,20,417169329200,417169329200,10,0,pre_1,open,192.13976524790078
2023-12-28,2023-12-28,2023-12-28,A2403,A,-1,1,4803.49413119752,4803.49413119752,20,20,417169329200,417169329200,10,0,pre_1,close,192.13976524790078
2023-12-29,2023-12-29,2023-12-29,A2403,A,-1,0,4834.434512074799,4834.434512074799,20,20,417170601846,417170601846,10,0,pre_1,open,193.37738048299198
2023-12-29,2023-12-29,2023-12-29,A2403,A,-1,1,4834.434512074799,4834.434512074799,20,20,417170601846,417170601846,10,0,pre_1,close,193.37738048299198
2023-12-29,2023-12-29,2023-12-29,AG2402,AG,-1,0,4222.026844771025,4222.026844771025,15,15,417173018210,417173018210,15,0,pre_1,open,189.99120801469613
2023-12-29,2023-12-29,2023-12-29,AG2402,AG,-1,1,4222.026844771025,4222.026844771025,15,15,417173018210,417173018210,15,0,pre_1,close,189.99120801469613
