,date,profit,model_flag,fee,long_fee,short_fee,profit_all,profit_float,rate,sum_profit,sum_rate,sum_long_profit,sum_short_profit
0,2022-01-04,0,pre_1,0.0,0.0,0.0,0.0,0.0,0.0,0.0,0.0,0.0,0.0
1,2022-01-05,0,pre_1,0.0,0.0,0.0,0.0,0.0,0.0,0.0,0.0,0.0,0.0
2,2022-01-06,0,pre_1,0.0,0.0,0.0,0.0,0.0,0.0,0.0,0.0,0.0,0.0
3,2022-01-07,0,pre_1,0.0,0.0,0.0,0.0,0.0,0.0,0.0,0.0,0.0,0.0
4,2022-01-10,0,pre_1,0.0,0.0,0.0,0.0,0.0,0.0,0.0,0.0,0.0,0.0
5,2022-01-11,0,pre_1,0.0,0.0,0.0,0.0,0.0,0.0,0.0,0.0,0.0,0.0
6,2022-01-12,0,pre_1,0.0,0.0,0.0,0.0,0.0,0.0,0.0,0.0,0.0,0.0
7,2022-01-13,0,pre_1,0.0,0.0,0.0,0.0,0.0,0.0,0.0,0.0,0.0,0.0
8,2022-01-14,0,pre_1,0.0,0.0,0.0,0.0,0.0,0.0,0.0,0.0,0.0,0.0
9,2022-01-17,0,pre_1,0.0,0.0,0.0,0.0,0.0,0.0,0.0,0.0,0.0,0.0
10,2022-01-18,0,pre_1,0.0,0.0,0.0,0.0,0.0,0.0,0.0,0.0,0.0,0.0
11,2022-01-19,0,pre_1,0.0,0.0,0.0,0.0,0.0,0.0,0.0,0.0,0.0,0.0
12,2022-01-20,0,pre_1,0.0,0.0,0.0,0.0,0.0,0.0,0.0,0.0,0.0,0.0
13,2022-01-21,0,pre_1,0.0,0.0,0.0,0.0,0.0,0.0,0.0,0.0,0.0,0.0
14,2022-01-24,0,pre_1,195.7953020163523,0.0,195.7953020163523,14124.082489256713,14319.877791273066,0.1412408248925523,14124.082489256713,0.1412408248925523,0.0,14124.082489256713
15,2022-01-25,0,pre_1,0.0,0.0,0.0,11417.199860609602,11417.199860609602,0.11417199860610516,25541.282349866313,0.25541282349865746,0.0,25541.282349866313
16,2022-01-26,0,pre_1,0.0,0.0,0.0,4450.7728270173175,4450.7728270173175,0.044507728270182234,29992.05517688363,0.2999205517688397,0.0,29992.05517688363
17,2022-01-27,0,pre_1,0.0,0.0,0.0,24382.49461757294,24382.49461757294,0.24382494617571915,54374.54979445657,0.5437454979445588,0.0,54374.54979445657
18,2022-01-28,0,pre_1,184.1071855488808,0.0,184.1071855488808,3686.130055335818,3870.2372408846986,0.03686130055335912,58060.67984979239,0.580606798497918,0.0,58060.67984979239
19,2022-02-07,0,pre_1,192.61955734702644,192.61955734702644,0.0,4301.155905680103,4493.77546302713,0.04301155905681586,62361.83575547249,0.6236183575547338,4301.155905680103,58060.67984979239
20,2022-02-08,0,pre_1,0.0,0.0,0.0,5923.613110353808,5923.613110353808,0.059236131103546086,68285.4488658263,0.6828544886582799,10224.769016033912,58060.67984979239
21,2022-02-09,0,pre_1,0.0,0.0,0.0,11030.176136521313,11030.176136521313,0.11030176136521685,79315.62500234762,0.7931562500234746,21254.945152555225,58060.67984979239
22,2022-02-10,0,pre_1,0.0,0.0,0.0,3268.2003367471566,3268.2003367471566,0.03268200336747906,82583.82533909478,0.8258382533909536,24523.14548930238,58060.67984979239
23,2022-02-11,0,pre_1,0.0,0.0,0.0,-17566.576810015365,-17566.576810015365,-0.17566576810015277,65017.248529079414,0.6501724852908009,6956.568679287015,58060.67984979239
24,2022-02-14,0,pre_1,0.0,0.0,0.0,31660.690762236612,31660.690762236612,0.3166069076223632,96677.93929131603,0.9667793929131419,38617.25944152362,58060.67984979239
25,2022-02-15,0,pre_1,200.87176319731265,200.87176319731265,0.0,2250.2784893630223,2451.150252560335,0.022502784893618788,98928.21778067904,0.989282177806805,40867.53793088665,58060.67984979239
26,2022-02-16,0,pre_1,0.0,0.0,0.0,0.0,0.0,0.0,98928.21778067904,0.989282177806805,40867.53793088665,58060.67984979239
27,2022-02-17,0,pre_1,191.30345159799472,191.30345159799472,0.0,-1747.8815768868012,-1556.5781252888064,-0.017478815768867673,97180.33620379223,0.9718033620379263,39119.656353999846,58060.67984979239
28,2022-02-18,0,pre_1,0.0,0.0,0.0,-5642.3083005300305,-5642.3083005300305,-0.05642308300530807,91538.0279032622,0.9153802790326182,33477.34805346982,58060.67984979239
29,2022-02-21,0,pre_1,189.87383903779886,0.0,189.87383903779886,7339.52066967324,7529.394508711039,0.07339520669673583,98877.54857293544,0.988775485729354,35201.38670085393,63676.16187208152
30,2022-02-22,0,pre_1,380.41696408461553,190.20848204230776,190.20848204230776,-19261.410810130154,-18880.993846045538,-0.19261410810129664,79616.13776280529,0.7961613776280574,35011.17821881163,44604.95954399367
31,2022-02-23,0,pre_1,0.0,0.0,0.0,4119.743143751643,4119.743143751643,0.04119743143751187,83735.88090655694,0.8373588090655693,35011.17821881163,48724.70268774531
32,2022-02-24,0,pre_1,0.0,0.0,0.0,-47308.287242534105,-47308.287242534105,-0.4730828724253344,36427.59366402283,0.3642759366402126,35011.17821881163,1416.4154452112052
33,2022-02-25,0,pre_1,0.0,0.0,0.0,19117.603558679486,19117.603558679486,0.19117603558680418,55545.19722270232,0.5554519722270168,35011.17821881163,20534.01900389069
34,2022-02-28,0,pre_1,0.0,0.0,0.0,31482.030192497063,31482.030192497063,0.31482030192495625,87027.22741519939,0.8702722741519953,35011.17821881163,52016.04919638776
35,2022-03-01,0,pre_1,0.0,0.0,0.0,-35336.344176258135,-35336.344176258135,-0.3533634417625886,51690.88323894126,0.5169088323894178,35011.17821881163,16679.705020129622
36,2022-03-02,0,pre_1,0.0,0.0,0.0,-21427.112353867855,-21427.112353867855,-0.2142711235386896,30263.7708850734,0.30263770885072816,35011.17821881163,-4747.407333738232
37,2022-03-03,0,pre_1,0.0,0.0,0.0,-11410.883085938267,-11410.883085938267,-0.11410883085938295,18852.887799135133,0.1885288779913452,35011.17821881163,-16158.2904196765
38,2022-03-04,0,pre_1,0.0,0.0,0.0,24843.343134389153,24843.343134389153,0.2484334313438863,43696.23093352429,0.4369623093352537,35011.17821881163,8685.052714712654
39,2022-03-07,0,pre_1,0.0,0.0,0.0,-23002.38184368774,-23002.38184368774,-0.23002381843687525,20693.84908983655,0.20693849089836736,35011.17821881163,-14317.329128975087
40,2022-03-08,0,pre_1,0.0,0.0,0.0,-25089.296688584407,-25089.296688584407,-0.2508929668858406,-4395.447598747858,-0.043954475987484365,35011.17821881163,-39406.62581755949
41,2022-03-09,0,pre_1,0.0,0.0,0.0,-30981.373532872123,-30981.373532872123,-0.30981373532872336,-35376.82113161998,-0.3537682113162077,35011.17821881163,-70387.99935043161
42,2022-03-10,0,pre_1,0.0,0.0,0.0,73582.80262995951,73582.80262995951,0.7358280262995898,38205.981498339526,0.38205981498340424,35011.17821881163,3194.8032795278996
43,2022-03-11,0,pre_1,193.24905929314892,0.0,193.24905929314892,-7159.676092885435,-6966.427033592286,-0.07159676092884926,31046.30540545409,0.310463054054555,35011.17821881163,-3964.872813357535
44,2022-03-14,0,pre_1,0.0,0.0,0.0,11223.687998565478,11223.687998565478,0.1122368799856499,42269.993404019566,0.4226999340402049,35011.17821881163,7258.815185207943
45,2022-03-15,0,pre_1,0.0,0.0,0.0,22060.352273042095,22060.352273042095,0.2206035227304115,64330.34567706166,0.6433034567706164,35011.17821881163,29319.167458250038
46,2022-03-16,0,pre_1,0.0,0.0,0.0,-8321.010067901894,-8321.010067901894,-0.0832101006790209,56009.33560915977,0.5600933560915955,35011.17821881163,20998.157390348144
47,2022-03-17,0,pre_1,194.5181237268604,0.0,194.5181237268604,-2129.6367441692096,-1935.1186204423493,-0.021296367441692166,53879.698864990554,0.5387969886499144,35011.17821881163,18868.520646178935
48,2022-03-18,0,pre_1,198.0787419884743,0.0,198.0787419884743,-1165.6380522095876,-967.5593102211133,-0.011656380522107046,52714.06081278097,0.5271406081277963,35011.17821881163,17702.88259396935
49,2022-03-21,0,pre_1,0.0,0.0,0.0,8127.498205857769,8127.498205857769,0.08127498205856565,60841.559018638734,0.6084155901863841,35011.17821881163,25830.38079982712
50,2022-03-22,0,pre_1,0.0,0.0,0.0,-16835.53199784779,-16835.53199784779,-0.16835531997848596,44006.02702079095,0.4400602702079093,35011.17821881163,8994.84880197933
51,2022-03-23,0,pre_1,0.0,0.0,0.0,16642.02013580379,16642.02013580379,0.1664202013580418,60648.04715659474,0.6064804715659511,35011.17821881163,25636.868937783118
52,2022-03-24,0,pre_1,0.0,0.0,0.0,-8708.033791990634,-8708.033791990634,-0.08708033791990921,51940.01336460411,0.5194001336460419,35011.17821881163,16928.835145792484
53,2022-03-25,0,pre_1,0.0,0.0,0.0,-21286.30482486535,-21286.30482486535,-0.212863048248646,30653.708539738756,0.3065370853973848,35011.17821881163,-4357.469679072867
54,2022-03-28,0,pre_1,194.97309794053305,194.97309794053305,0.0,6536.226436017695,6731.199533958228,0.06536226436018033,37189.93497575645,0.3718993497575651,25098.89638106954,12091.038594686917
55,2022-03-29,0,pre_1,0.0,0.0,0.0,5795.749378874466,5795.749378874466,0.0579574937887406,42985.68435463092,0.4298568435463057,24315.24245044046,18670.441904190462
56,2022-03-30,0,pre_1,0.0,0.0,0.0,20747.484876322615,20747.484876322615,0.20747484876324496,63733.16923095353,0.6373316923095285,34032.551190241844,29700.61804071169
57,2022-03-31,0,pre_1,0.0,0.0,0.0,26132.32564542373,26132.32564542373,0.2613232564542489,89865.49487637726,0.8986549487637774,50489.283733454075,39376.21114292319
58,2022-04-01,0,pre_1,396.21542732609925,198.10771366304962,198.10771366304962,-2956.61233838089,-2560.3969110547905,-0.029566123383806264,86908.88253799637,0.8690888253799711,50291.176019791026,36617.70651820535
59,2022-04-06,0,pre_1,0.0,0.0,0.0,15141.957651710854,15141.957651710854,0.1514195765170978,102050.84018970722,1.020508401897069,50291.176019791026,51759.6641699162
60,2022-04-07,0,pre_1,0.0,0.0,0.0,18409.419274668442,18409.419274668442,0.1840941927466977,120460.25946437566,1.2046025946437666,50291.176019791026,70169.08344458464
61,2022-04-08,0,pre_1,577.8495753209979,192.00246952028544,385.8471058007125,12774.468905730831,13352.318481051829,0.1277446890572964,133234.7283701065,1.332347283701063,63451.492031322574,69783.23633878393
62,2022-04-11,0,pre_1,193.51186204423038,193.51186204423038,0.0,-5998.867723371155,-5805.355861326925,-0.05998867723371326,127235.86064673534,1.2723586064673498,57452.62430795142,69783.23633878393
63,2022-04-12,0,pre_1,0.0,0.0,0.0,0.0,0.0,0.0,127235.86064673534,1.2723586064673498,57452.62430795142,69783.23633878393
64,2022-04-13,0,pre_1,0.0,0.0,0.0,0.0,0.0,0.0,127235.86064673534,1.2723586064673498,57452.62430795142,69783.23633878393
65,2022-04-14,0,pre_1,191.75305423142837,0.0,191.75305423142837,-1105.5590694403736,-913.8060152089452,-0.011055590694397655,126130.30157729496,1.261303015772941,57452.62430795142,68677.67726934355
66,2022-04-15,0,pre_1,380.8012426578386,190.4006213289193,190.4006213289193,12046.960564182657,12427.761806840495,0.1204696056418264,138177.2621414776,1.3817726214147674,62014.01496570855,76163.24717576907
67,2022-04-18,0,pre_1,191.53374078777827,191.53374078777827,0.0,722.272274421051,913.8060152088292,0.007222722744204546,138899.53441589867,1.3889953441589942,62736.2872401296,76163.24717576907
68,2022-04-19,0,pre_1,0.0,0.0,0.0,0.0,0.0,0.0,138899.53441589867,1.3889953441589942,62736.2872401296,76163.24717576907
69,2022-04-20,0,pre_1,0.0,0.0,0.0,0.0,0.0,0.0,138899.53441589867,1.3889953441589942,62736.2872401296,76163.24717576907
70,2022-04-21,0,pre_1,0.0,0.0,0.0,0.0,0.0,0.0,138899.53441589867,1.3889953441589942,62736.2872401296,76163.24717576907
71,2022-04-22,0,pre_1,0.0,0.0,0.0,0.0,0.0,0.0,138899.53441589867,1.3889953441589942,62736.2872401296,76163.24717576907
72,2022-04-25,0,pre_1,192.12059763304293,192.12059763304293,0.0,-1602.6976727655938,-1410.5770751325508,-0.016026976727656628,137296.83674313308,1.3729683674313264,61133.589567364004,76163.24717576907
73,2022-04-26,0,pre_1,0.0,0.0,0.0,470.19235837751694,470.19235837751694,0.004701923583794176,137767.0291015106,1.3776702910151206,61603.781925741525,76163.24717576907
74,2022-04-27,0,pre_1,0.0,0.0,0.0,-5328.846728278295,-5328.846728278295,-0.05328846728278602,132438.1823732323,1.3243818237323346,56274.93519746323,76163.24717576907
75,2022-04-28,0,pre_1,0.0,0.0,0.0,10344.231884304854,10344.231884304854,0.10344231884305,142782.41425753714,1.4278241425753846,66619.16708176809,76163.24717576907
76,2022-04-29,0,pre_1,0.0,0.0,0.0,5955.769872781593,5955.769872781593,0.05955769872780792,148738.18413031872,1.4873818413031925,72574.93695454967,76163.24717576907
77,2022-05-05,0,pre_1,194.6596363682814,194.6596363682814,0.0,2469.763727770866,2664.4233641391475,0.024697637277704132,151207.94785808958,1.5120794785808966,75044.70068232054,76163.24717576907
78,2022-05-06,0,pre_1,0.0,0.0,0.0,0.0,0.0,0.0,151207.94785808958,1.5120794785808966,75044.70068232054,76163.24717576907
79,2022-05-09,0,pre_1,0.0,0.0,0.0,0.0,0.0,0.0,151207.94785808958,1.5120794785808966,75044.70068232054,76163.24717576907
80,2022-05-10,0,pre_1,0.0,0.0,0.0,0.0,0.0,0.0,151207.94785808958,1.5120794785808966,75044.70068232054,76163.24717576907
81,2022-05-11,0,pre_1,0.0,0.0,0.0,0.0,0.0,0.0,151207.94785808958,1.5120794785808966,75044.70068232054,76163.24717576907
82,2022-05-12,0,pre_1,0.0,0.0,0.0,0.0,0.0,0.0,151207.94785808958,1.5120794785808966,75044.70068232054,76163.24717576907
83,2022-05-13,0,pre_1,0.0,0.0,0.0,0.0,0.0,0.0,151207.94785808958,1.5120794785808966,75044.70068232054,76163.24717576907
84,2022-05-16,0,pre_1,197.81212564521329,197.81212564521329,0.0,13133.0050374017,13330.817163046913,0.13133005037400114,164340.95289549127,1.6434095289548978,88177.70571972225,76163.24717576907
85,2022-05-17,0,pre_1,0.0,0.0,0.0,18921.159844324757,18921.159844324757,0.18921159844325075,183262.11273981602,1.8326211273981707,107098.86556404701,76163.24717576907
86,2022-05-18,0,pre_1,0.0,0.0,0.0,-9245.566742113215,-9245.566742113215,-0.09245566742113187,174016.5459977028,1.7401654599770389,97853.2988219338,76163.24717576907
87,2022-05-19,0,pre_1,196.35232885844033,0.0,196.35232885844033,-3330.9680513751046,-3134.6157225166644,-0.03330968051376004,170685.5779463277,1.7068557794632788,97853.2988219338,72832.27912439396
88,2022-05-20,0,pre_1,0.0,0.0,0.0,10545.89580407037,10545.89580407037,0.10545895804070504,181231.4737503981,1.8123147375039839,112474.1950652757,68757.27868512244
89,2022-05-23,0,pre_1,0.0,0.0,0.0,-8888.159565985861,-8888.159565985861,-0.08888159565985099,172343.31418441221,1.7234331418441329,106720.6512218065,65622.66296260577
90,2022-05-24,0,pre_1,203.71807090210496,203.71807090210496,0.0,-9914.101399488954,-9710.38332858685,-0.09914101399488562,162429.21278492326,1.624292127849225,104172.89677023151,58256.316014691794
91,2022-05-25,0,pre_1,0.0,0.0,0.0,3134.6157225166644,3134.6157225166644,0.031346157225176086,165563.82850743993,1.6556382850744011,104172.89677023151,61390.93173720846
92,2022-05-26,0,pre_1,0.0,0.0,0.0,5015.385156026559,5015.385156026559,0.05015385156026397,170579.21366346648,1.7057921366346651,104172.89677023151,66406.31689323502
93,2022-05-27,0,pre_1,0.0,0.0,0.0,-5015.385156026559,-5015.385156026559,-0.05015385156026397,165563.82850743993,1.6556382850744011,104172.89677023151,61390.93173720846
94,2022-05-30,0,pre_1,0.0,0.0,0.0,5955.76987278142,5955.76987278142,0.05955769872780792,171519.59838022134,1.715195983802209,104172.89677023151,67346.70160998989
95,2022-05-31,0,pre_1,0.0,0.0,0.0,3761.5388670199627,3761.5388670199627,0.03761538867019798,175281.1372472413,1.7528113724724292,104172.89677023151,71108.24047700985
96,2022-06-01,0,pre_1,197.16732894629465,0.0,197.16732894629465,586.4866016829578,783.6539306292525,0.005864866016813686,175867.62384892427,1.758676238489243,104172.89677023151,71694.72707869281
97,2022-06-02,0,pre_1,0.0,0.0,0.0,0.0,0.0,0.0,175867.62384892427,1.758676238489243,104172.89677023151,71694.72707869281
98,2022-06-06,0,pre_1,192.31753032337835,192.31753032337835,0.0,14788.20588433976,14980.52341466314,0.147882058843396,190655.82973326402,1.906558297332639,118961.10265457127,71694.72707869281
99,2022-06-07,0,pre_1,0.0,0.0,0.0,-9514.656763367144,-9514.656763367144,-0.0951465676336749,181141.17296989687,1.811411729698964,109446.44589120412,71694.72707869281
100,2022-06-08,0,pre_1,196.3836750156655,0.0,196.3836750156655,3081.751434611128,3278.1351096267936,0.030817514346104247,184222.924404508,1.8422292440450683,116329.3890817251,67893.53532278296
101,2022-06-09,0,pre_1,0.0,0.0,0.0,-6993.965257169007,-6993.965257169007,-0.06993965257169332,177228.959147339,1.7722895914733972,109648.88539680764,67580.0737505314
102,2022-06-10,0,pre_1,385.84969768037803,192.92484884018901,192.92484884018901,18689.38501936224,19075.234717042615,0.1868938501936146,195918.34416670122,1.9591834416670117,106824.24697512116,89094.09719158012
103,2022-06-13,0,pre_1,0.0,0.0,0.0,-6680.503684917444,-6680.503684917444,-0.06680503684917127,189237.8404817838,1.8923784048178405,106824.24697512116,82413.59350666267
104,2022-06-14,0,pre_1,190.90045378415346,0.0,190.90045378415346,6972.900753110737,7163.801206894891,0.06972900753110522,196210.74123489452,1.9621074123489457,106824.24697512116,89386.4942597734
105,2022-06-15,0,pre_1,0.0,0.0,0.0,4858.654369900951,4858.654369900951,0.04858654369901405,201069.39560479549,2.0106939560479375,106824.24697512116,94245.14862967435
106,2022-06-16,0,pre_1,0.0,0.0,0.0,-7750.012450483719,-7750.012450483719,-0.07750012450484789,193319.38315431177,1.9331938315431119,106824.24697512116,86495.13617919064
107,2022-06-17,0,pre_1,0.0,0.0,0.0,3954.0879849406974,3954.0879849406974,0.039540879849409016,197273.47113925248,1.9727347113925209,106824.24697512116,90449.22416413133
108,2022-06-20,0,pre_1,0.0,0.0,0.0,-4428.5785431335535,-4428.5785431335535,-0.04428578543134165,192844.8925961189,1.9284489259611792,106824.24697512116,86020.64562099778
109,2022-06-21,0,pre_1,0.0,0.0,0.0,15658.188420365286,15658.188420365286,0.15658188420364372,208503.08101648418,2.085030810164845,106824.24697512116,101678.83404136306
110,2022-06-22,0,pre_1,192.4217376991571,0.0,192.4217376991571,-825.0758152896894,-632.6540775905323,-0.008250758152905657,207678.0052011945,2.0767800520119506,106824.24697512116,100853.75822607338
111,2022-06-23,0,pre_1,190.1758157237107,190.1758157237107,0.0,-11103.458654160264,-10913.282838436553,-0.11103458654159182,196574.54654703423,1.9657454654703477,95720.7883209609,100853.75822607338
112,2022-06-24,0,pre_1,0.0,0.0,0.0,-17714.31417253456,-17714.31417253456,-0.1771431417253444,178860.23237449967,1.7886023237450033,78006.47414842634,100853.75822607338
113,2022-06-27,0,pre_1,192.3814585883058,192.3814585883058,0.0,35446.45905680829,35638.8405153966,0.354464590568071,214306.69143130796,2.1430669143130743,113452.93320523463,100853.75822607338
114,2022-06-28,0,pre_1,0.0,0.0,0.0,10592.229351513615,10592.229351513615,0.10592229351513716,224898.92078282157,2.2489892078282114,124045.16255674824,100853.75822607338
115,2022-06-29,0,pre_1,0.0,0.0,0.0,-22583.260492900718,-22583.260492900718,-0.22583260492899937,202315.66028992087,2.023156602899201,101461.90206384752,100853.75822607338
116,2022-06-30,0,pre_1,0.0,0.0,0.0,990.654670044978,990.654670044978,0.009906546700455543,203306.31495996585,2.0330631495996565,102452.5567338925,100853.75822607338
117,2022-07-01,0,pre_1,189.1635691995659,189.1635691995659,0.0,-35995.62050024892,-35806.45693104935,-0.3599562050024985,167310.69445971693,1.6731069445971691,66456.93623364359,100853.75822607338
118,2022-07-04,0,pre_1,0.0,0.0,0.0,-5114.26119419516,-5114.26119419516,-0.051142611941956684,162196.43326552177,1.6219643326552236,61342.675039448426,100853.75822607338
119,2022-07-05,0,pre_1,0.0,0.0,0.0,11720.181903363846,11720.181903363846,0.11720181903365212,173916.61516888562,1.7391661516888535,73062.85694281227,100853.75822607338
120,2022-07-06,0,pre_1,0.0,0.0,0.0,-32603.415112994026,-32603.415112994026,-0.32603415112995027,141313.2000558916,1.4131320005589254,40459.44182981824,100853.75822607338
121,2022-07-07,0,pre_1,0.0,0.0,0.0,2770.2248135225545,2770.2248135225545,0.027702248135219598,144083.42486941416,1.440834248694145,43229.666643340795,100853.75822607338
122,2022-07-08,0,pre_1,0.0,0.0,0.0,-1917.847947823202,-1917.847947823202,-0.01917847947823237,142165.57692159095,1.4216557692159126,41311.81869551759,100853.75822607338
123,2022-07-11,0,pre_1,0.0,0.0,0.0,-213.0942164247699,-213.0942164247699,-0.0021309421642468074,141952.48270516619,1.4195248270516547,41098.72447909282,100853.75822607338
124,2022-07-12,0,pre_1,0.0,0.0,0.0,-4901.166977770254,-4901.166977770254,-0.049011669777709876,137051.31572739594,1.370513157273967,36197.55750132257,100853.75822607338
125,2022-07-13,0,pre_1,0.0,0.0,0.0,-3196.4132463718215,-3196.4132463718215,-0.031964132463724315,133854.90248102412,1.3385490248102316,33001.14425495075,100853.75822607338
126,2022-07-14,0,pre_1,0.0,0.0,0.0,1065.4710821238496,1065.4710821238496,0.010654710821222935,134920.37356314796,1.3492037356314768,34066.615337074596,100853.75822607338
127,2022-07-15,0,pre_1,0.0,0.0,0.0,-37930.770523613544,-37930.770523613544,-0.37930770523613155,96989.60303953441,0.9698960303953452,-3864.1551865389483,100853.75822607338
128,2022-07-18,0,pre_1,0.0,0.0,0.0,27702.248135223363,27702.248135223363,0.2770224813522404,124691.85117475777,1.2469185117475634,23838.092948684414,100853.75822607338
129,2022-07-19,0,pre_1,0.0,0.0,0.0,-4261.884328495944,-4261.884328495944,-0.04261884328495835,120429.96684626183,1.204299668462605,19576.20862018847,100853.75822607338
130,2022-07-20,0,pre_1,0.0,0.0,0.0,2770.2248135222817,2770.2248135222817,0.027702248135219598,123200.1916597841,1.2320019165978469,22346.43343371075,100853.75822607338
131,2022-07-21,0,pre_1,0.0,0.0,0.0,-4474.978544920714,-4474.978544920714,-0.04474978544920516,118725.21311486339,1.1872521311486306,17871.45488879004,100853.75822607338
132,2022-07-22,0,pre_1,191.76078067599013,191.76078067599013,0.0,6720.208873103316,6911.969653779306,0.06720208873103317,125445.4219879667,1.254454219879686,24591.663761893353,100853.75822607338
133,2022-07-25,0,pre_1,0.0,0.0,0.0,-7125.32174455705,-7125.32174455705,-0.07125321744557711,118320.10024340966,1.1832010024340978,17466.342017336305,100853.75822607338
134,2022-07-26,0,pre_1,0.0,0.0,0.0,25539.194609967853,25539.194609967853,0.2553919460996701,143859.2948533775,1.43859294853379,43005.53662730416,100853.75822607338
135,2022-07-27,0,pre_1,391.5795764455017,195.78978822275084,195.78978822275084,-1617.064726652716,-1225.4851502072142,-0.016170647266522398,142242.23012672478,1.4224223012672566,46578.8991435362,95663.33098318861
136,2022-07-28,0,pre_1,0.0,0.0,0.0,22281.164373359024,22281.164373359024,0.2228116437335892,164523.3945000838,1.6452339450008457,79182.31425652995,85341.08024355388
137,2022-07-29,0,pre_1,186.03125093884688,186.03125093884688,0.0,-10149.15289762146,-9963.121646682612,-0.10149152897620528,154374.24160246237,1.5437424160246183,89011.71117755651,65362.53042490585
138,2022-08-01,0,pre_1,203.44823231989926,0.0,203.44823231989926,-3200.2307051172484,-2996.7824727973493,-0.03200230705118212,151174.0108973451,1.5117401089734583,89011.71117755651,62162.29971978861
139,2022-08-02,0,pre_1,196.43909109185688,0.0,196.43909109185688,-7313.797463985216,-7117.358372893359,-0.0731379746398475,143860.2134333599,1.4386021343335997,89011.71117755651,54848.50225580339
140,2022-08-03,0,pre_1,0.0,0.0,0.0,4428.578543133726,4428.578543133726,0.04428578543134165,148288.7919764936,1.4828879197649192,89011.71117755651,59277.08079893712
141,2022-08-04,0,pre_1,0.0,0.0,0.0,8540.830047471927,8540.830047471927,0.08540830047472081,156829.62202396552,1.5682962202396622,89011.71117755651,67817.91084640904
142,2022-08-05,0,pre_1,198.82329675082738,198.82329675082738,0.0,2520.9638315420934,2719.787128292921,0.025209638315426552,159350.5858555076,1.5935058585550887,94854.10891644878,64496.47693905888
143,2022-08-08,0,pre_1,0.0,0.0,0.0,-20669.672120545147,-20669.672120545147,-0.20669672120544602,138680.91373496247,1.3868091373496316,78296.688300242,60384.2254347205
144,2022-08-09,0,pre_1,0.0,0.0,0.0,33874.651530868316,33874.651530868316,0.3387465153086744,172555.56526583078,1.725555652658306,105370.30849701232,67185.25676881851
145,2022-08-10,0,pre_1,391.6761394362918,195.8380697181459,195.8380697181459,-4033.4516804137993,-3641.7755409775073,-0.04033451680414135,168522.11358541698,1.6852211358541647,103746.98415788345,64775.12942753358
146,2022-08-11,0,pre_1,197.64113383927892,197.64113383927892,0.0,6665.182905299844,6862.824039139123,0.06665182905298828,175187.29649071684,1.7518729649071751,110412.1670631833,64775.12942753358
147,2022-08-12,0,pre_1,400.4463585761192,201.5082838777798,198.93807469833945,10644.007295557241,11044.45365413336,0.10644007295557145,185831.30378627407,1.8583130378627466,110658.15663379768,75173.14715247645
148,2022-08-15,0,pre_1,0.0,0.0,0.0,5061.232620724259,5061.232620724259,0.05061232620724443,190892.53640699835,1.9089253640699688,110658.15663379768,80234.37977320071
149,2022-08-16,0,pre_1,0.0,0.0,0.0,15183.69786217243,15183.69786217243,0.1518369786217333,206076.2342691708,2.060762342691702,110658.15663379768,95418.07763537313
150,2022-08-17,0,pre_1,193.6870458543381,0.0,193.6870458543381,-4780.429108385568,-4586.74206253123,-0.04780429108385276,201295.8051607852,2.0129580516078605,110658.15663379768,90637.64852698757
151,2022-08-18,0,pre_1,0.0,0.0,0.0,0.0,0.0,0.0,201295.8051607852,2.0129580516078605,110658.15663379768,90637.64852698757
152,2022-08-19,0,pre_1,196.00406026752734,196.00406026752734,0.0,-18095.91823995035,-17899.914179682823,-0.18095918239950937,183199.88692083486,1.8319988692083289,92562.23839384734,90637.64852698757
153,2022-08-22,0,pre_1,0.0,0.0,0.0,-9621.203871579508,-9621.203871579508,-0.09621203871580386,173578.68304925534,1.7357868304925583,82941.03452226783,90637.64852698757
154,2022-08-23,0,pre_1,0.0,0.0,0.0,2908.736054198539,2908.736054198539,0.02908736054199057,176487.41910345387,1.764874191034549,85849.77057646637,90637.64852698757
155,2022-08-24,0,pre_1,0.0,0.0,0.0,8949.957089841339,8949.957089841339,0.08949957089841032,185437.3761932952,1.854373761932937,94799.7276663077,90637.64852698757
156,2022-08-25,0,pre_1,0.0,0.0,0.0,5369.974253904775,5369.974253904775,0.05369974253903731,190807.35044719998,1.9080735044719965,100169.70192021248,90637.64852698757
157,2022-08-26,0,pre_1,383.9458238438077,193.31907314057491,190.6267507032328,-17829.70218914866,-17445.75636530485,-0.17829702189149366,172977.6482580513,1.7297764825805029,96843.8978656275,76133.75039242388
158,2022-08-29,0,pre_1,0.0,0.0,0.0,3415.667034784856,3415.667034784856,0.0341566703478513,176393.31529283617,1.7639331529283542,96843.8978656275,79549.41742720874
159,2022-08-30,0,pre_1,0.0,0.0,0.0,5530.12758012801,5530.12758012801,0.05530127580128941,181923.44287296417,1.8192344287296436,96843.8978656275,85079.54500733675
160,2022-08-31,0,pre_1,0.0,0.0,0.0,9433.74704845346,9433.74704845346,0.09433747048455121,191357.18992141762,1.9135718992141726,96843.8978656275,94513.29205579021
161,2022-09-01,0,pre_1,189.81349664733162,0.0,189.81349664733162,-189.81349664733162,0.0,-0.0018981349664715097,191167.37642477028,1.911673764247701,96843.8978656275,94323.47855914288
162,2022-09-02,0,pre_1,192.86731340175433,192.86731340175433,0.0,10589.700037692955,10782.567351094709,0.10589700037693106,201757.07646246324,2.017570764624632,107433.59790332045,94323.47855914288
163,2022-09-05,0,pre_1,0.0,0.0,0.0,7266.512780085554,7266.512780085554,0.07266512780084167,209023.5892425488,2.090235892425496,114700.110683406,94323.47855914288
164,2022-09-06,0,pre_1,0.0,0.0,0.0,9141.741884623829,9141.741884623829,0.09141741884624022,218165.33112717263,2.181653311271714,123841.85256802983,94323.47855914288
165,2022-09-07,0,pre_1,0.0,0.0,0.0,-10548.163713027312,-10548.163713027312,-0.10548163713026693,207617.1674141453,2.076171674141447,113293.68885500252,94323.47855914288
166,2022-09-08,0,pre_1,0.0,0.0,0.0,15939.44738857459,15939.44738857459,0.15939447388575445,223556.6148027199,2.2355661480272015,129233.13624357712,94323.47855914288
167,2022-09-09,0,pre_1,0.0,0.0,0.0,17111.465578911124,17111.465578911124,0.17111465578911744,240668.08038163104,2.406680803816319,146344.60182248824,94323.47855914288
168,2022-09-13,0,pre_1,210.963274260548,210.963274260548,0.0,40575.26974944552,40786.23302370607,0.40575269749445475,281243.3501310765,2.8124335013107515,186919.87157193376,94323.47855914288
169,2022-09-14,0,pre_1,0.0,0.0,0.0,0.0,0.0,0.0,281243.3501310765,2.8124335013107515,186919.87157193376,94323.47855914288
170,2022-09-15,0,pre_1,0.0,0.0,0.0,0.0,0.0,0.0,281243.3501310765,2.8124335013107515,186919.87157193376,94323.47855914288
171,2022-09-16,0,pre_1,0.0,0.0,0.0,0.0,0.0,0.0,281243.3501310765,2.8124335013107515,186919.87157193376,94323.47855914288
172,2022-09-19,0,pre_1,0.0,0.0,0.0,0.0,0.0,0.0,281243.3501310765,2.8124335013107515,186919.87157193376,94323.47855914288
173,2022-09-20,0,pre_1,0.0,0.0,0.0,0.0,0.0,0.0,281243.3501310765,2.8124335013107515,186919.87157193376,94323.47855914288
174,2022-09-21,0,pre_1,0.0,0.0,0.0,0.0,0.0,0.0,281243.3501310765,2.8124335013107515,186919.87157193376,94323.47855914288
175,2022-09-22,0,pre_1,0.0,0.0,0.0,0.0,0.0,0.0,281243.3501310765,2.8124335013107515,186919.87157193376,94323.47855914288
176,2022-09-23,0,pre_1,0.0,0.0,0.0,0.0,0.0,0.0,281243.3501310765,2.8124335013107515,186919.87157193376,94323.47855914288
177,2022-09-26,0,pre_1,0.0,0.0,0.0,0.0,0.0,0.0,281243.3501310765,2.8124335013107515,186919.87157193376,94323.47855914288
178,2022-09-27,0,pre_1,0.0,0.0,0.0,0.0,0.0,0.0,281243.3501310765,2.8124335013107515,186919.87157193376,94323.47855914288
179,2022-09-28,0,pre_1,0.0,0.0,0.0,0.0,0.0,0.0,281243.3501310765,2.8124335013107515,186919.87157193376,94323.47855914288
180,2022-09-29,0,pre_1,0.0,0.0,0.0,0.0,0.0,0.0,281243.3501310765,2.8124335013107515,186919.87157193376,94323.47855914288
181,2022-09-30,0,pre_1,0.0,0.0,0.0,0.0,0.0,0.0,281243.3501310765,2.8124335013107515,186919.87157193376,94323.47855914288
182,2022-10-10,0,pre_1,0.0,0.0,0.0,0.0,0.0,0.0,281243.3501310765,2.8124335013107515,186919.87157193376,94323.47855914288
183,2022-10-11,0,pre_1,0.0,0.0,0.0,0.0,0.0,0.0,281243.3501310765,2.8124335013107515,186919.87157193376,94323.47855914288
184,2022-10-12,0,pre_1,0.0,0.0,0.0,0.0,0.0,0.0,281243.3501310765,2.8124335013107515,186919.87157193376,94323.47855914288
185,2022-10-13,0,pre_1,190.65928086546882,190.65928086546882,0.0,-3981.4299066484664,-3790.7706257829977,-0.039814299066476266,277261.92022442806,2.7726192022442753,182938.4416652853,94323.47855914288
186,2022-10-14,0,pre_1,0.0,0.0,0.0,1318.5289133156675,1318.5289133156675,0.013185289133144096,278580.44913774374,2.7858044913774416,184256.97057860097,94323.47855914288
187,2022-10-17,0,pre_1,197.30180404555438,197.30180404555438,0.0,-11125.052263860767,-10927.750459815214,-0.11125052263861734,267455.396873883,2.6745539687388353,173131.9183147402,94323.47855914288
188,2022-10-18,0,pre_1,0.0,0.0,0.0,15425.714842576866,15425.714842576866,0.15425714842576266,282881.11171645985,2.828811117164598,188557.63315731706,94323.47855914288
189,2022-10-19,0,pre_1,191.3185453221267,191.3185453221267,0.0,-3619.446404493772,-3428.1278591716455,-0.036194464044947416,279261.6653119661,2.7926166531196506,184938.1867528233,94323.47855914288
190,2022-10-20,0,pre_1,0.0,0.0,0.0,-4027.4806904287243,-4027.4806904287243,-0.040274806904294636,275234.1846215374,2.752341846215378,180910.70606239457,94323.47855914288
191,2022-10-21,0,pre_1,391.8291213932579,195.91456069662894,195.91456069662894,55.668733098758935,447.4978544920168,0.000556687330988126,275289.8533546362,2.7528985335463663,182504.78291966615,92785.07043497005
192,2022-10-24,0,pre_1,195.10758104144483,195.10758104144483,0.0,-41619.61071302745,-41424.503131986,-0.41619610713027333,233670.24264160873,2.336702426416082,176237.50271151232,57432.73993009643
193,2022-10-25,0,pre_1,0.0,0.0,0.0,-10506.54623591972,-10506.54623591972,-0.10506546235918846,223163.696405689,2.2316369640568823,173114.67107471175,50049.025330977296
194,2022-10-26,0,pre_1,0.0,0.0,0.0,-9917.926883800232,-9917.926883800232,-0.0991792688380011,213245.76952188875,2.132457695218881,172594.199135245,40651.5703866438
195,2022-10-27,0,pre_1,0.0,0.0,0.0,15501.996720307052,15501.996720307052,0.15501996720306277,228747.7662421958,2.287477662421944,176237.50271151232,52510.26353068353
196,2022-10-28,0,pre_1,0.0,0.0,0.0,-4196.144664595408,-4196.144664595408,-0.04196144664594392,224551.6215776004,2.245516215776,174502.59624662314,50049.025330977296
197,2022-10-31,0,pre_1,0.0,0.0,0.0,9525.513982387254,9525.513982387254,0.0952551398238688,234077.13555998766,2.340771355599869,173288.1617212007,60788.97383878699
198,2022-11-01,0,pre_1,0.0,0.0,0.0,-19603.869053102884,-19603.869053102884,-0.19603869053103073,214473.26650688477,2.144732665068849,177625.42788342375,36847.83862346108
199,2022-11-02,0,pre_1,0.0,0.0,0.0,-2081.8877578671163,-2081.8877578671163,-0.02081887757867662,212391.37874901766,2.1239137874901948,175543.54012555664,36847.83862346108
200,2022-11-03,0,pre_1,0.0,0.0,0.0,15730.572319875206,15730.572319875206,0.1573057231987418,228121.95106889287,2.2812195106889366,177625.42788342375,50496.52318546917
201,2022-11-04,0,pre_1,0.0,0.0,0.0,-19044.783735060297,-19044.783735060297,-0.19044783735061577,209077.16733383256,2.0907716733383097,169991.83943791117,39085.32789592145
202,2022-11-07,0,pre_1,192.6440138613021,192.6440138613021,0.0,-26371.26850164744,-26178.624487786135,-0.2637126850164706,182705.89883218514,1.8270589883218502,169799.19542404986,12906.703408135316
203,2022-11-08,0,pre_1,0.0,0.0,0.0,-12082.442071285886,-12082.442071285886,-0.1208244207128506,170623.45676089925,1.7062345676090107,169799.19542404986,824.2613368494294
204,2022-11-09,0,pre_1,0.0,0.0,0.0,-32219.84552342922,-32219.84552342922,-0.3221984552343016,138403.61123747003,1.384036112374698,169799.19542404986,-31395.584186579792
205,2022-11-10,0,pre_1,0.0,0.0,0.0,4474.978544920741,4474.978544920741,0.04474978544921626,142878.58978239077,1.4287858978239143,169799.19542404986,-26920.60564165905
206,2022-11-11,0,pre_1,0.0,0.0,0.0,-17228.667397944795,-17228.667397944795,-0.1722866739794382,125649.92238444598,1.256499223844454,169799.19542404986,-44149.273039603846
207,2022-11-14,0,pre_1,0.0,0.0,0.0,27521.11805126247,27521.11805126247,0.2752111805126356,153171.04043570845,1.5317104043570895,169799.19542404986,-16628.154988341375
208,2022-11-15,0,pre_1,0.0,0.0,0.0,-18571.16096142099,-18571.16096142099,-0.18571160961421418,134599.87947428745,1.3459987947428864,169799.19542404986,-35199.315949762364
209,2022-11-16,0,pre_1,0.0,0.0,0.0,8949.957089841339,8949.957089841339,0.08949957089841032,143549.83656412878,1.4354983656412967,169799.19542404986,-26249.358859921027
210,2022-11-17,0,pre_1,0.0,0.0,0.0,1566.2424907223453,1566.2424907223453,0.01566242490722569,145116.0790548511,1.4511607905485002,169799.19542404986,-24683.11636919868
211,2022-11-18,0,pre_1,0.0,0.0,0.0,11634.944216793869,11634.944216793869,0.11634944216794008,156751.02327164498,1.5675102327164403,169799.19542404986,-13048.172152404812
212,2022-11-21,0,pre_1,217.26020835590074,0.0,217.26020835590074,230.23764613611607,447.4978544920168,0.002302376461371658,156981.2609177811,1.569812609177812,169799.19542404986,-12817.934506268695
213,2022-11-22,0,pre_1,0.0,0.0,0.0,0.0,0.0,0.0,156981.2609177811,1.569812609177812,169799.19542404986,-12817.934506268695
214,2022-11-23,0,pre_1,192.60931573200435,192.60931573200435,0.0,2236.259735112874,2428.869050844878,0.022362597351133218,159217.52065289396,1.5921752065289452,172035.45515916272,-12817.934506268695
215,2022-11-24,0,pre_1,193.4420708351512,193.4420708351512,0.0,1541.4643940542032,1734.9064648893545,0.015414643940525607,160758.98504694816,1.6075898504694708,173576.91955321693,-12817.934506268695
216,2022-11-25,0,pre_1,0.0,0.0,0.0,0.0,0.0,0.0,160758.98504694816,1.6075898504694708,173576.91955321693,-12817.934506268695
217,2022-11-28,0,pre_1,0.0,0.0,0.0,0.0,0.0,0.0,160758.98504694816,1.6075898504694708,173576.91955321693,-12817.934506268695
218,2022-11-29,0,pre_1,0.0,0.0,0.0,0.0,0.0,0.0,160758.98504694816,1.6075898504694708,173576.91955321693,-12817.934506268695
219,2022-11-30,0,pre_1,0.0,0.0,0.0,0.0,0.0,0.0,160758.98504694816,1.6075898504694708,173576.91955321693,-12817.934506268695
220,2022-12-01,0,pre_1,0.0,0.0,0.0,0.0,0.0,0.0,160758.98504694816,1.6075898504694708,173576.91955321693,-12817.934506268695
221,2022-12-02,0,pre_1,0.0,0.0,0.0,0.0,0.0,0.0,160758.98504694816,1.6075898504694708,173576.91955321693,-12817.934506268695
222,2022-12-05,0,pre_1,0.0,0.0,0.0,0.0,0.0,0.0,160758.98504694816,1.6075898504694708,173576.91955321693,-12817.934506268695
223,2022-12-06,0,pre_1,0.0,0.0,0.0,0.0,0.0,0.0,160758.98504694816,1.6075898504694708,173576.91955321693,-12817.934506268695
224,2022-12-07,0,pre_1,0.0,0.0,0.0,0.0,0.0,0.0,160758.98504694816,1.6075898504694708,173576.91955321693,-12817.934506268695
225,2022-12-08,0,pre_1,0.0,0.0,0.0,0.0,0.0,0.0,160758.98504694816,1.6075898504694708,173576.91955321693,-12817.934506268695
226,2022-12-09,0,pre_1,0.0,0.0,0.0,0.0,0.0,0.0,160758.98504694816,1.6075898504694708,173576.91955321693,-12817.934506268695
227,2022-12-12,0,pre_1,0.0,0.0,0.0,0.0,0.0,0.0,160758.98504694816,1.6075898504694708,173576.91955321693,-12817.934506268695
228,2022-12-13,0,pre_1,0.0,0.0,0.0,0.0,0.0,0.0,160758.98504694816,1.6075898504694708,173576.91955321693,-12817.934506268695
229,2022-12-14,0,pre_1,0.0,0.0,0.0,0.0,0.0,0.0,160758.98504694816,1.6075898504694708,173576.91955321693,-12817.934506268695
230,2022-12-15,0,pre_1,0.0,0.0,0.0,0.0,0.0,0.0,160758.98504694816,1.6075898504694708,173576.91955321693,-12817.934506268695
231,2022-12-16,0,pre_1,0.0,0.0,0.0,0.0,0.0,0.0,160758.98504694816,1.6075898504694708,173576.91955321693,-12817.934506268695
232,2022-12-19,0,pre_1,0.0,0.0,0.0,0.0,0.0,0.0,160758.98504694816,1.6075898504694708,173576.91955321693,-12817.934506268695
233,2022-12-20,0,pre_1,0.0,0.0,0.0,0.0,0.0,0.0,160758.98504694816,1.6075898504694708,173576.91955321693,-12817.934506268695
234,2022-12-21,0,pre_1,0.0,0.0,0.0,0.0,0.0,0.0,160758.98504694816,1.6075898504694708,173576.91955321693,-12817.934506268695
235,2022-12-22,0,pre_1,0.0,0.0,0.0,0.0,0.0,0.0,160758.98504694816,1.6075898504694708,173576.91955321693,-12817.934506268695
236,2022-12-23,0,pre_1,0.0,0.0,0.0,0.0,0.0,0.0,160758.98504694816,1.6075898504694708,173576.91955321693,-12817.934506268695
237,2022-12-26,0,pre_1,0.0,0.0,0.0,0.0,0.0,0.0,160758.98504694816,1.6075898504694708,173576.91955321693,-12817.934506268695
238,2022-12-27,0,pre_1,0.0,0.0,0.0,0.0,0.0,0.0,160758.98504694816,1.6075898504694708,173576.91955321693,-12817.934506268695
239,2022-12-28,0,pre_1,0.0,0.0,0.0,0.0,0.0,0.0,160758.98504694816,1.6075898504694708,173576.91955321693,-12817.934506268695
240,2022-12-29,0,pre_1,0.0,0.0,0.0,0.0,0.0,0.0,160758.98504694816,1.6075898504694708,173576.91955321693,-12817.934506268695
241,2022-12-30,0,pre_1,0.0,0.0,0.0,0.0,0.0,0.0,160758.98504694816,1.6075898504694708,173576.91955321693,-12817.934506268695
242,2023-01-03,0,pre_1,0.0,0.0,0.0,0.0,0.0,0.0,160758.98504694816,1.6075898504694708,173576.91955321693,-12817.934506268695
243,2023-01-04,0,pre_1,0.0,0.0,0.0,0.0,0.0,0.0,160758.98504694816,1.6075898504694708,173576.91955321693,-12817.934506268695
244,2023-01-05,0,pre_1,0.0,0.0,0.0,0.0,0.0,0.0,160758.98504694816,1.6075898504694708,173576.91955321693,-12817.934506268695
245,2023-01-06,0,pre_1,0.0,0.0,0.0,0.0,0.0,0.0,160758.98504694816,1.6075898504694708,173576.91955321693,-12817.934506268695
246,2023-01-09,0,pre_1,0.0,0.0,0.0,0.0,0.0,0.0,160758.98504694816,1.6075898504694708,173576.91955321693,-12817.934506268695
247,2023-01-10,0,pre_1,0.0,0.0,0.0,0.0,0.0,0.0,160758.98504694816,1.6075898504694708,173576.91955321693,-12817.934506268695
248,2023-01-11,0,pre_1,0.0,0.0,0.0,0.0,0.0,0.0,160758.98504694816,1.6075898504694708,173576.91955321693,-12817.934506268695
249,2023-01-12,0,pre_1,0.0,0.0,0.0,0.0,0.0,0.0,160758.98504694816,1.6075898504694708,173576.91955321693,-12817.934506268695
250,2023-01-13,0,pre_1,0.0,0.0,0.0,0.0,0.0,0.0,160758.98504694816,1.6075898504694708,173576.91955321693,-12817.934506268695
251,2023-01-16,0,pre_1,0.0,0.0,0.0,0.0,0.0,0.0,160758.98504694816,1.6075898504694708,173576.91955321693,-12817.934506268695
252,2023-01-17,0,pre_1,0.0,0.0,0.0,0.0,0.0,0.0,160758.98504694816,1.6075898504694708,173576.91955321693,-12817.934506268695
253,2023-01-18,0,pre_1,385.55529983561456,0.0,385.55529983561456,-8642.972646496202,-8257.417346660588,-0.08642972646495384,152116.01240045196,1.521160124004517,173576.91955321693,-21460.9071527649
254,2023-01-19,0,pre_1,0.0,0.0,0.0,23871.016453854456,23871.016453854456,0.2387101645385581,175987.0288543064,1.759870288543075,173576.91955321693,2410.1093010895565
255,2023-01-20,0,pre_1,185.62158008841797,0.0,185.62158008841797,-4493.638842147643,-4308.017262059225,-0.04493638842146819,171493.39001215878,1.7149339001215846,173576.91955321693,-2083.5295410580866
256,2023-01-30,0,pre_1,0.0,0.0,0.0,-5564.7027830760635,-5564.7027830760635,-0.05564702783076303,165928.68722908272,1.6592868722908216,173576.91955321693,-7648.23232413415
257,2023-01-31,0,pre_1,0.0,0.0,0.0,2692.598120843286,2692.598120843286,0.02692598120843659,168621.285349926,1.6862128534992582,173576.91955321693,-4955.634203290864
258,2023-02-01,0,pre_1,0.0,0.0,0.0,-2513.091579453612,-2513.091579453612,-0.025130915794535635,166108.1937704724,1.6610819377047115,173576.91955321693,-7468.725782744476
259,2023-02-02,0,pre_1,0.0,0.0,0.0,-9154.83361086699,-9154.83361086699,-0.09154833610865998,156953.3601596054,1.5695336015960626,173576.91955321693,-16623.559393611467
260,2023-02-03,0,pre_1,192.5496336480901,0.0,192.5496336480901,36961.41524642208,37153.96488007017,0.3696141524642149,193914.77540602747,1.9391477540602775,173576.91955321693,20337.855852810615
261,2023-02-06,0,pre_1,186.66258295489718,0.0,186.66258295489718,-5392.28241760687,-5205.619834651972,-0.053922824176066975,188522.4929884206,1.8852249298842105,173576.91955321693,14945.573435203745
262,2023-02-07,0,pre_1,191.0293049181407,191.0293049181407,0.0,-1637.1969920191875,-1446.1676871010468,-0.01637196992019252,186885.2959964014,1.868852959964018,169965.1506059126,16920.145390488884
263,2023-02-08,0,pre_1,0.0,0.0,0.0,-337.5247892014977,-337.5247892014977,-0.0033752478920123785,186547.7712071999,1.8654777120719945,167114.53423725767,19433.236969942314
264,2023-02-09,0,pre_1,0.0,0.0,0.0,4043.95485925721,4043.95485925721,0.04043954859256349,190591.7260664571,1.9059172606645802,168824.90405845057,21766.822008006617
265,2023-02-10,0,pre_1,0.0,0.0,0.0,-22858.861280119654,-22858.861280119654,-0.2285886128011949,167732.86478633745,1.6773286478633853,154761.86330641873,12971.001479918792
266,2023-02-13,0,pre_1,0.0,0.0,0.0,13758.377194000972,13758.377194000972,0.1375837719399975,181491.2419803384,1.8149124198033828,156852.3153100991,24638.926670239394
267,2023-02-14,0,pre_1,0.0,0.0,0.0,-929.555550379423,-929.555550379423,-0.009295555503796571,180561.686429959,1.8056168642995862,159512.8905875106,21048.795842448468
268,2023-02-15,0,pre_1,0.0,0.0,0.0,-13715.400606845642,-13715.400606845642,-0.13715400606846284,166846.28582311334,1.6684628582311456,151721.20584652,15125.07997659342
269,2023-02-16,0,pre_1,0.0,0.0,0.0,-2808.8973631080717,-2808.8973631080717,-0.02808897363107965,164037.38846000528,1.6403738846000548,152861.452393982,11175.936066023329
270,2023-02-17,0,pre_1,0.0,0.0,0.0,-11001.733386294181,-11001.733386294181,-0.11001733386294399,153035.6550737111,1.530356550737122,145449.84983547876,7585.805238232402
271,2023-02-20,0,pre_1,0.0,0.0,0.0,19036.131967798792,19036.131967798792,0.19036131967797854,172071.78704150987,1.7207178704151005,161793.38368243462,10278.403359075324
272,2023-02-21,0,pre_1,188.406737858978,188.406737858978,0.0,-1529.2289264184828,-1340.8221885595049,-0.01529228926417936,170542.55811509138,1.7054255811509211,160084.64821462627,10457.90990046518
273,2023-02-22,0,pre_1,0.0,0.0,0.0,-10770.392483372962,-10770.392483372962,-0.10770392483372415,159772.1656317184,1.597721656317197,160084.64821462627,-312.48258290778176
274,2023-02-23,0,pre_1,0.0,0.0,0.0,9693.353235035647,9693.353235035647,0.09693353235036284,169465.51886675405,1.6946551886675376,160084.64821462627,9380.870652127865
275,2023-02-24,0,pre_1,0.0,0.0,0.0,-1615.5588725059715,-1615.5588725059715,-0.016155588725064174,167849.95999424809,1.6784995999424623,160084.64821462627,7765.311779621894
276,2023-02-27,0,pre_1,0.0,0.0,0.0,3410.624286401435,3410.624286401435,0.0341062428640182,171260.58428064952,1.7126058428065027,160084.64821462627,11175.936066023329
277,2023-02-28,0,pre_1,396.60803688591665,195.70431576273506,200.90372112318158,-1357.4179086035,-960.8098717175835,-0.01357417908602887,169903.16637204602,1.6990316637204517,159287.1471099251,10616.019262120983
278,2023-03-01,0,pre_1,0.0,0.0,0.0,12035.93577876603,12035.93577876603,0.12035935778766937,181939.10215081205,1.819391021508121,171323.08288869113,10616.019262120983
279,2023-03-02,0,pre_1,0.0,0.0,0.0,-9026.951834074458,-9026.951834074458,-0.09026951834074648,172912.1503167376,1.7291215031673746,162296.13105461668,10616.019262120983
280,2023-03-03,0,pre_1,0.0,0.0,0.0,8224.556115490072,8224.556115490072,0.08224556115490333,181136.70643222766,1.811367064322278,170520.68717010674,10616.019262120983
281,2023-03-06,0,pre_1,0.0,0.0,0.0,9428.14969336665,9428.14969336665,0.09428149693366805,190564.8561255943,1.905648561255946,179948.8368634734,10616.019262120983
282,2023-03-07,0,pre_1,199.43545585415254,199.43545585415254,0.0,-1603.6279633768256,-1404.1925075226732,-0.016036279633768746,188961.22816221748,1.8896122816221883,178345.2089000966,10616.019262120983
283,2023-03-08,0,pre_1,196.4878602049987,196.4878602049987,0.0,-8274.282222734675,-8077.794362529676,-0.08274282222734408,180686.9459394828,1.8068694593948331,170070.92667736192,10616.019262120983
284,2023-03-09,0,pre_1,0.0,0.0,0.0,26028.44850148449,26028.44850148449,0.26028448501485,206715.3944409673,2.067153944409683,196099.3751788464,10616.019262120983
285,2023-03-10,0,pre_1,0.0,0.0,0.0,-359.0130827791654,-359.0130827791654,-0.0035901308278019073,206356.38135818814,2.0635638135818812,195740.36209606726,10616.019262120983
286,2023-03-13,0,pre_1,200.0061884162338,200.0061884162338,0.0,-200.0061884162338,0.0,-0.0020000618841664597,206156.3751697719,2.061563751697726,195540.355907651,10616.019262120983
287,2023-03-14,0,pre_1,0.0,0.0,0.0,0.0,0.0,0.0,206156.3751697719,2.061563751697726,195540.355907651,10616.019262120983
288,2023-03-15,0,pre_1,0.0,0.0,0.0,0.0,0.0,0.0,206156.3751697719,2.061563751697726,195540.355907651,10616.019262120983
289,2023-03-16,0,pre_1,0.0,0.0,0.0,0.0,0.0,0.0,206156.3751697719,2.061563751697726,195540.355907651,10616.019262120983
290,2023-03-17,0,pre_1,197.13408375400107,197.13408375400107,0.0,-8274.928446283495,-8077.794362529494,-0.08274928446283525,197881.4467234884,1.9788144672348906,187265.4274613675,10616.019262120983
291,2023-03-20,0,pre_1,0.0,0.0,0.0,0.0,0.0,0.0,197881.4467234884,1.9788144672348906,187265.4274613675,10616.019262120983
292,2023-03-21,0,pre_1,0.0,0.0,0.0,-1436.0523311164798,-1436.0523311164798,-0.01436052331116322,196445.3943923719,1.9644539439237052,185829.37513025102,10616.019262120983
293,2023-03-22,0,pre_1,0.0,0.0,0.0,4667.170076128241,4667.170076128241,0.04667170076129157,201112.56446850015,2.0111256446849968,190496.54520637926,10616.019262120983
294,2023-03-23,0,pre_1,0.0,0.0,0.0,-6462.235490023704,-6462.235490023704,-0.0646223549002456,194650.32897847643,1.9465032897847623,184034.30971635555,10616.019262120983
295,2023-03-24,0,pre_1,0.0,0.0,0.0,897.5327069478226,897.5327069478226,0.008975327069471462,195547.86168542426,1.955478616854256,184931.84242330337,10616.019262120983
296,2023-03-27,0,pre_1,0.0,0.0,0.0,-3051.6112036224513,-3051.6112036224513,-0.030516112036216292,192496.2504818018,1.9249625048180175,181880.23121968092,10616.019262120983
297,2023-03-28,0,pre_1,0.0,0.0,0.0,-3051.6112036222694,-3051.6112036222694,-0.030516112036216292,189444.63927817953,1.8944463927818012,178828.62001605864,10616.019262120983
298,2023-03-29,0,pre_1,0.0,0.0,0.0,-5026.183158907224,-5026.183158907224,-0.05026183158908237,184418.4561192723,1.8441845611927299,173802.43685715142,10616.019262120983
299,2023-03-30,0,pre_1,0.0,0.0,0.0,-359.0130827791654,-359.0130827791654,-0.0035901308278019073,184059.44303649315,1.840594430364928,173443.42377437226,10616.019262120983
300,2023-03-31,0,pre_1,0.0,0.0,0.0,3769.6373691804183,3769.6373691804183,0.0376963736917979,187829.08040567357,1.8782908040567259,177213.06114355268,10616.019262120983
301,2023-04-03,0,pre_1,0.0,0.0,0.0,-359.0130827789835,-359.0130827789835,-0.003590130827779703,187470.06732289458,1.8747006732289462,176854.0480607737,10616.019262120983
302,2023-04-04,0,pre_1,0.0,0.0,0.0,-5385.19624168639,-5385.19624168639,-0.053851962416862076,182084.8710812082,1.8208487108120952,171468.85181908731,10616.019262120983
303,2023-04-06,0,pre_1,0.0,0.0,0.0,-10590.885941983288,-10590.885941983288,-0.1059088594198454,171493.9851392249,1.7149398513922387,160877.96587710403,10616.019262120983
304,2023-04-07,0,pre_1,0.0,0.0,0.0,-8800.664575079827,-8800.664575079827,-0.08800664575079331,162693.32056414508,1.6269332056414454,152077.3013020242,10616.019262120983
305,2023-04-10,0,pre_1,0.0,0.0,0.0,366.6943572949094,366.6943572949094,0.00366694357294417,163060.01492144,1.6306001492143896,152443.9956593191,10616.019262120983
306,2023-04-11,0,pre_1,198.54437429298773,198.54437429298773,0.0,-3313.703745546484,-3115.159371253496,-0.033137037455455154,159746.3111758935,1.5974631117589455,149130.2919137726,10616.019262120983
307,2023-04-12,0,pre_1,0.0,0.0,0.0,19067.727985041005,19067.727985041005,0.19067727985040417,178814.0391609345,1.7881403916093497,168198.01989881363,10616.019262120983
308,2023-04-13,0,pre_1,398.3007884345741,205.18525464811393,193.11553378646016,11866.043509378695,12264.344297813268,0.11866043509378699,190680.0826703132,1.9068008267031145,175527.26733769165,15152.81533262164
309,2023-04-14,0,pre_1,0.0,0.0,0.0,-20038.28700930695,-20038.28700930695,-0.20038287009306321,170641.79566100624,1.7064179566100623,172043.6709433893,-1401.8752823829436
310,2023-04-17,0,pre_1,0.0,0.0,0.0,13157.62480595411,13157.62480595411,0.1315762480595284,183799.42046696035,1.8379942046695907,169660.15762097185,14139.262845988624
311,2023-04-18,0,pre_1,0.0,0.0,0.0,22671.106079337223,22671.106079337223,0.226711060793372,206470.52654629757,2.064705265462985,180844.33551846913,25626.191027828565
312,2023-04-19,0,pre_1,0.0,0.0,0.0,-6831.2466586486335,-6831.2466586486335,-0.06831246658649537,199639.27988764894,1.9963927988764896,171310.2822287993,28328.99765884976
313,2023-04-20,0,pre_1,379.7443316584696,189.8721658292348,189.8721658292348,-14621.122713315775,-14241.378381657305,-0.14621122713316392,185018.15717433317,1.8501815717433479,158568.28582570105,26449.871348632238
314,2023-04-21,0,pre_1,0.0,0.0,0.0,-25242.102336467397,-25242.102336467397,-0.25242102336467953,159776.05483786578,1.5977605483786572,133326.18348923366,26449.871348632238
315,2023-04-24,0,pre_1,0.0,0.0,0.0,10473.48245924648,10473.48245924648,0.1047348245924784,170249.53729711226,1.7024953729711356,143799.66594848013,26449.871348632238
316,2023-04-25,0,pre_1,0.0,0.0,0.0,5102.756213660177,5102.756213660177,0.051027562136596316,175352.29351077243,1.753522935107732,148902.4221621403,26449.871348632238
317,2023-04-26,0,pre_1,0.0,0.0,0.0,-10712.395434676255,-10712.395434676255,-0.10712395434675503,164639.89807609617,1.6463989807609547,138190.02672746405,26449.871348632238
318,2023-04-27,0,pre_1,0.0,0.0,0.0,-4153.147799979779,-4153.147799979779,-0.04153147799980106,160486.7502761164,1.6048675027611647,134036.87892748427,26449.871348632238
319,2023-04-28,0,pre_1,189.56810008324493,189.56810008324493,0.0,-6612.869604823474,-6423.30150474023,-0.0661286960482399,153873.88067129292,1.538738806712936,127424.0093226608,26449.871348632238
320,2023-05-04,0,pre_1,0.0,0.0,0.0,-6233.804074014915,-6233.804074014915,-0.06233804074015081,147640.076597278,1.476400765972774,121190.20524864589,26449.871348632238
321,2023-05-05,0,pre_1,0.0,0.0,0.0,16684.5932569222,16684.5932569222,0.1668459325692151,164324.6698542002,1.6432466985419891,137874.7985055681,26449.871348632238
322,2023-05-08,0,pre_1,194.9399282623994,0.0,194.9399282623994,38703.505473424186,38898.445401686586,0.3870350547342305,203028.1753276244,2.030281753276242,177111.0947361323,25917.080591492202
323,2023-05-09,0,pre_1,187.34414714201202,187.34414714201202,0.0,5570.541707986831,5757.885855128843,0.05570541707986543,208598.71703561122,2.0859871703561295,177107.09776763793,31491.61926797341
324,2023-05-10,0,pre_1,0.0,0.0,0.0,-5405.613262042389,-5405.613262042389,-0.05405613262042808,203193.10377356882,2.0319310377356903,177107.09776763793,26086.00600593102
325,2023-05-11,0,pre_1,0.0,0.0,0.0,17906.093930515017,17906.093930515017,0.17906093930515343,221099.19770408384,2.2109919770408437,177107.09776763793,43992.09993644604
326,2023-05-12,0,pre_1,0.0,0.0,0.0,39528.546978684135,39528.546978684135,0.39528546978684354,260627.74468276798,2.6062774468276872,177107.09776763793,83520.64691513017
327,2023-05-15,0,pre_1,379.20799346762635,195.34957239241356,183.85842107521276,-1698.9377937709996,-1319.7298003033734,-0.016989377937703942,258928.80688899697,2.5892880688899833,177450.19795376924,81478.60893522785
328,2023-05-16,0,pre_1,0.0,0.0,0.0,-11089.266348220417,-11089.266348220417,-0.11089266348220939,247839.54054077656,2.478395405407774,166360.93160554883,81478.60893522785
329,2023-05-17,0,pre_1,0.0,0.0,0.0,2146.3096157845894,2146.3096157845894,0.021463096157847694,249985.85015656115,2.4998585015655994,168507.24122133342,81478.60893522785
330,2023-05-18,0,pre_1,0.0,0.0,0.0,536.5774039460894,536.5774039460894,0.005365774039467475,250522.42756050723,2.505224275605067,169043.8186252795,81478.60893522785
331,2023-05-19,0,pre_1,0.0,0.0,0.0,6438.928847353884,6438.928847353884,0.06438928847354308,256961.3564078611,2.56961356407861,175482.74747263337,81478.60893522785
332,2023-05-22,0,pre_1,0.0,0.0,0.0,2146.3096157843574,2146.3096157843574,0.021463096157847694,259107.66602364546,2.5910766602364577,177629.05708841773,81478.60893522785
333,2023-05-23,0,pre_1,390.73035386220874,390.73035386220874,0.0,709.7352598925025,1100.4656137547113,0.007097352598917084,259817.40128353797,2.5981740128353747,178338.79234831023,81478.60893522785
334,2023-05-24,0,pre_1,0.0,0.0,0.0,4812.863439496832,4812.863439496832,0.04812863439496162,264630.2647230348,2.6463026472303364,183151.65578780707,81478.60893522785
335,2023-05-25,0,pre_1,0.0,0.0,0.0,-8663.154191094145,-8663.154191094145,-0.08663154191093092,255967.11053194065,2.5596711053194054,174488.50159671291,81478.60893522785
336,2023-05-26,0,pre_1,0.0,0.0,0.0,-1925.1453757988475,-1925.1453757988475,-0.01925145375799575,254041.9651561418,2.540419651561421,172563.35622091408,81478.60893522785
337,2023-05-29,0,pre_1,0.0,0.0,0.0,-9818.2414165733,-9818.2414165733,-0.09818241416573725,244223.72373956852,2.4422372373956724,162745.1148043408,81478.60893522785
338,2023-05-30,0,pre_1,0.0,0.0,0.0,14631.104856070133,14631.104856070133,0.14631104856070998,258854.82859563865,2.5885482859563824,177376.21966041092,81478.60893522785
339,2023-05-31,0,pre_1,0.0,0.0,0.0,-15786.19208154948,-15786.19208154948,-0.1578619208155052,243068.6365140892,2.4306863651408994,161590.02757886145,81478.60893522785
340,2023-06-01,0,pre_1,0.0,0.0,0.0,11165.843179632666,11165.843179632666,0.11165843179632429,254234.47969372186,2.5423447969372237,172755.87075849413,81478.60893522785
341,2023-06-02,0,pre_1,196.3515580173619,0.0,196.3515580173619,-12399.738922923543,-12203.38736490618,-0.12399738922923564,241834.74077079832,2.418347407707988,172178.32714575445,69656.41362504398
342,2023-06-05,0,pre_1,388.4943368361805,194.24716841809024,194.24716841809024,21649.46764066204,22037.96197749822,0.21649467640663111,263484.20841146033,2.634842084114597,173524.19627797537,89960.01213348511
343,2023-06-06,0,pre_1,195.31417503639932,0.0,195.31417503639932,3435.1512331187855,3630.465408155185,0.034351512331176615,266919.3596445791,2.669193596445796,173524.19627797537,93395.1633666039
344,2023-06-07,0,pre_1,193.66962480535062,0.0,193.66962480535062,-4621.503989142337,-4427.834364336986,-0.0462150398914174,262297.85565543675,2.6229785565543784,173524.19627797537,88773.65937746156
345,2023-06-08,0,pre_1,194.3241742331222,0.0,194.3241742331222,3463.4520397843635,3657.7762140174855,0.03463452039784709,265761.3076952211,2.6576130769522033,173524.19627797537,92237.11141724592
346,2023-06-09,0,pre_1,0.0,0.0,0.0,-3080.232601278003,-3080.232601278003,-0.03080232601277988,262681.0750939431,2.6268107509394456,173524.19627797537,89156.87881596791
347,2023-06-12,0,pre_1,194.1701626030583,0.0,194.1701626030583,-1.6556250230398462,192.51453758001844,-1.6556250226340552e-05,262679.41946892004,2.626794194689208,173524.19627797537,89155.22319094487
348,2023-06-13,0,pre_1,190.2556178635109,0.0,190.2556178635109,-6755.437972028192,-6565.182354164681,-0.06755437972028044,255923.98149689185,2.5592398149689055,173524.19627797537,82399.78521891669
349,2023-06-14,0,pre_1,191.02997270528417,0.0,191.02997270528417,2502.3781725930967,2693.408145298381,0.025023781725930228,258426.35966948495,2.5842635966948357,173524.19627797537,84902.16339150979
350,2023-06-15,0,pre_1,0.0,0.0,0.0,0.0,0.0,0.0,258426.35966948495,2.5842635966948357,173524.19627797537,84902.16339150979
351,2023-06-16,0,pre_1,0.0,0.0,0.0,0.0,0.0,0.0,258426.35966948495,2.5842635966948357,173524.19627797537,84902.16339150979
352,2023-06-19,0,pre_1,0.0,0.0,0.0,0.0,0.0,0.0,258426.35966948495,2.5842635966948357,173524.19627797537,84902.16339150979
353,2023-06-20,0,pre_1,191.27735397681226,0.0,191.27735397681226,-7077.26209714213,-6885.984743165318,-0.07077262097142656,251349.0975723428,2.5134909757234425,173524.19627797537,77824.90129436766
354,2023-06-21,0,pre_1,0.0,0.0,0.0,-9181.312990886909,-9181.312990886909,-0.0918131299088687,242167.7845814559,2.421677845814574,173524.19627797537,68643.58830348076
355,2023-06-26,0,pre_1,0.0,0.0,0.0,-956.3867698840113,-956.3867698840113,-0.009563867698836326,241211.3978115719,2.4121139781157153,173524.19627797537,67687.20153359676
356,2023-06-27,0,pre_1,0.0,0.0,0.0,2295.3282477215907,2295.3282477215907,0.022953282477211623,243506.7260592935,2.435067260592927,173524.19627797537,69982.52978131836
357,2023-06-28,0,pre_1,0.0,0.0,0.0,-8224.926221002897,-8224.926221002897,-0.08224926221003237,235281.7998382906,2.3528179983829167,173524.19627797537,61757.60356031546
358,2023-06-29,0,pre_1,0.0,0.0,0.0,-6120.875327258,-6120.875327258,-0.06120875327257913,229160.92451103262,2.2916092451103154,173524.19627797537,55636.72823305746
359,2023-06-30,0,pre_1,193.31095272833366,0.0,193.31095272833366,-7601.044789294485,-7407.733836566151,-0.07601044789293798,221559.87972173814,2.2155987972173774,173524.19627797537,48035.68344376297
360,2023-07-03,0,pre_1,0.0,0.0,0.0,-22948.46229478278,-22948.46229478278,-0.22948462294783978,198611.41742695536,1.9861141742695487,173524.19627797537,25087.221148980192
361,2023-07-04,0,pre_1,0.0,0.0,0.0,-5435.279291374611,-5435.279291374611,-0.05435279291374773,193176.13813558075,1.931761381355801,173524.19627797537,19651.941857605583
362,2023-07-05,0,pre_1,0.0,0.0,0.0,-3026.773706126396,-3026.773706126396,-0.030267737061273614,190149.36442945435,1.9014936442945496,173524.19627797537,16625.168151479185
363,2023-07-06,0,pre_1,0.0,0.0,0.0,-2205.042766253164,-2205.042766253164,-0.022050427662523298,187944.32166320118,1.879443216632004,173524.19627797537,14420.125385226022
364,2023-07-07,0,pre_1,0.0,0.0,0.0,21789.253454443027,21789.253454443027,0.21789253454442825,209733.5751176442,2.0973357511764323,173524.19627797537,36209.37883966905
365,2023-07-10,0,pre_1,0.0,0.0,0.0,-5181.554076044402,-5181.554076044402,-0.05181554076043593,204552.0210415998,2.0455202104159964,173524.19627797537,31027.82476362465
366,2023-07-11,0,pre_1,196.64033433759187,0.0,196.64033433759187,7572.044136075825,7768.684470413416,0.07572044136074929,212124.06517767563,2.1212406517767457,173524.19627797537,38599.86889970047
367,2023-07-12,0,pre_1,197.43648477486568,0.0,197.43648477486568,-1918.9326705661952,-1721.4961857913295,-0.019189326705648657,210205.13250710943,2.102051325071108,173524.19627797537,36680.93622913428
368,2023-07-13,0,pre_1,0.0,0.0,0.0,0.0,0.0,0.0,210205.13250710943,2.102051325071108,173524.19627797537,36680.93622913428
369,2023-07-14,0,pre_1,0.0,0.0,0.0,0.0,0.0,0.0,210205.13250710943,2.102051325071108,173524.19627797537,36680.93622913428
370,2023-07-17,0,pre_1,0.0,0.0,0.0,0.0,0.0,0.0,210205.13250710943,2.102051325071108,173524.19627797537,36680.93622913428
371,2023-07-18,0,pre_1,0.0,0.0,0.0,0.0,0.0,0.0,210205.13250710943,2.102051325071108,173524.19627797537,36680.93622913428
372,2023-07-19,0,pre_1,0.0,0.0,0.0,0.0,0.0,0.0,210205.13250710943,2.102051325071108,173524.19627797537,36680.93622913428
373,2023-07-20,0,pre_1,0.0,0.0,0.0,0.0,0.0,0.0,210205.13250710943,2.102051325071108,173524.19627797537,36680.93622913428
374,2023-07-21,0,pre_1,0.0,0.0,0.0,0.0,0.0,0.0,210205.13250710943,2.102051325071108,173524.19627797537,36680.93622913428
375,2023-07-24,0,pre_1,0.0,0.0,0.0,0.0,0.0,0.0,210205.13250710943,2.102051325071108,173524.19627797537,36680.93622913428
376,2023-07-25,0,pre_1,199.71651083426923,199.71651083426923,0.0,-2408.9699492664117,-2209.2534384321425,-0.0240896994926576,207796.16255784302,2.0779616255784283,171115.22632870896,36680.93622913428
377,2023-07-26,0,pre_1,0.0,0.0,0.0,5824.395428593934,5824.395428593934,0.058243954285952526,213620.55798643696,2.1362055798643587,176939.6217573029,36680.93622913428
378,2023-07-27,0,pre_1,0.0,0.0,0.0,-1606.7297734053682,-1606.7297734053682,-0.016067297734057018,212013.8282130316,2.1201382821303127,175332.89198389754,36680.93622913428
379,2023-07-28,0,pre_1,0.0,0.0,0.0,-3012.6183251346356,-3012.6183251346356,-0.03012618325134442,209001.20988789698,2.0900120988789794,172320.27365876292,36680.93622913428
380,2023-07-31,0,pre_1,0.0,0.0,0.0,401.68244335124655,401.68244335124655,0.0040168244334948255,209402.89233124824,2.0940289233124743,172721.95610211417,36680.93622913428
381,2023-08-01,0,pre_1,0.0,0.0,0.0,-602.5236650269653,-602.5236650269653,-0.006025236650275545,208800.36866622127,2.0880036866621987,172119.4324370872,36680.93622913428
382,2023-08-02,0,pre_1,0.0,0.0,0.0,-7431.125201999112,-7431.125201999112,-0.07431125201998734,201369.24346422215,2.0136924346422225,164688.30723508808,36680.93622913428
383,2023-08-03,0,pre_1,0.0,0.0,0.0,2209.2534384321425,2209.2534384321425,0.02209253438432146,203578.4969026543,2.035784969026544,166897.56067352023,36680.93622913428
384,2023-08-04,0,pre_1,0.0,0.0,0.0,7631.96642367483,7631.96642367483,0.07631966423675696,211210.46332632913,2.112104633263301,174529.52709719507,36680.93622913428
385,2023-08-07,0,pre_1,0.0,0.0,0.0,3615.141990161792,3615.141990161792,0.036151419901631066,214825.60531649092,2.1482560531649098,178144.66908735686,36680.93622913428
386,2023-08-08,0,pre_1,0.0,0.0,0.0,-1807.570995080896,-1807.570995080896,-0.018075709950815533,213018.03432141003,2.1301803432141053,176337.09809227596,36680.93622913428
387,2023-08-09,0,pre_1,0.0,0.0,0.0,24502.62904442967,24502.62904442967,0.24502629044429458,237520.6633658397,2.3752066336584,200839.72713670562,36680.93622913428
388,2023-08-10,0,pre_1,598.4636299889435,403.0164296954367,195.4472002935068,7153.008667446377,7751.472297435321,0.07153008667446503,244673.67203328607,2.446736720332865,201684.75296923376,42988.91906405252
389,2023-08-11,0,pre_1,194.14651428646445,0.0,194.14651428646445,9077.024576516926,9271.17109080339,0.09077024576515935,253750.696609803,2.5375069660980243,210955.92406003716,42794.77254976606
390,2023-08-14,0,pre_1,199.18754505087503,199.18754505087503,0.0,-3765.0225799752643,-3565.835034924389,-0.03765022579975685,249985.67402982776,2.4998567402982674,207190.9014800619,42794.77254976606
391,2023-08-15,0,pre_1,0.0,0.0,0.0,0.0,0.0,0.0,249985.67402982776,2.4998567402982674,207190.9014800619,42794.77254976606
392,2023-08-16,0,pre_1,188.24252904367782,0.0,188.24252904367782,-5054.558576705099,-4866.316047661421,-0.05054558576704782,244931.11545312265,2.4493111545312196,207190.9014800619,37740.213973060956
393,2023-08-17,0,pre_1,0.0,0.0,0.0,1510.236014791626,1510.236014791626,0.015102360147900562,246441.35146791427,2.4644135146791424,207190.9014800619,39250.44998785258
394,2023-08-18,0,pre_1,0.0,0.0,0.0,5034.120049304911,5034.120049304911,0.050341200493053684,251475.47151721918,2.514754715172174,207190.9014800619,44284.57003715749
395,2023-08-21,0,pre_1,190.8887055571793,0.0,190.8887055571793,-4050.380743357662,-3859.4920378004826,-0.0405038074335784,247425.0907738615,2.4742509077386288,207190.9014800619,40234.189293799835
396,2023-08-22,0,pre_1,0.0,0.0,0.0,4398.821667516613,4398.821667516613,0.04398821667517261,251823.9124413781,2.518239124413779,207190.9014800619,44633.010961316446
397,2023-08-23,0,pre_1,190.99451467063116,0.0,190.99451467063116,-7786.390371543032,-7595.395856872401,-0.07786390371542495,244037.52206983507,2.440375220698332,207190.9014800619,36846.62058977341
398,2023-08-24,0,pre_1,388.3831937748651,199.17086860249492,189.21232517237019,1337.8666303991454,1726.2498241740104,0.013378666303998088,245375.3887002342,2.45375388700233,208717.98043563342,36657.40826460104
399,2023-08-25,0,pre_1,196.06219552026485,196.06219552026485,0.0,10617.465902666243,10813.528098186507,0.10617465902664769,255992.85460290045,2.559928546029022,219335.44633829966,36657.40826460104
400,2023-08-28,0,pre_1,0.0,0.0,0.0,-1007.4442268235725,-1007.4442268235725,-0.010074442268237505,254985.41037607688,2.5498541037607847,218328.0021114761,36657.40826460104
401,2023-08-29,0,pre_1,0.0,0.0,0.0,-743.6340876765462,-743.6340876765462,-0.007436340876765257,254241.77628840035,2.5424177628839972,217584.36802379956,36657.40826460104
402,2023-08-30,0,pre_1,200.628590676242,200.628590676242,0.0,10562.622309896178,10763.25090057242,0.10562622309897574,264804.3985982965,2.648043985982973,228146.99033369572,36657.40826460104
403,2023-08-31,0,pre_1,200.82782916694023,200.82782916694023,0.0,9364.000264512522,9564.828093679462,0.0936400026451345,274168.39886280906,2.7416839886280853,237510.99059820824,36657.40826460104
404,2023-09-01,0,pre_1,192.89307340858153,0.0,192.89307340858153,-10.677814190098559,182.21525921848297,-0.00010677814189508084,274157.72104861896,2.7415772104862013,237510.99059820824,36646.73045041094
405,2023-09-04,0,pre_1,0.0,0.0,0.0,11297.346071539723,11297.346071539723,0.11297346071539316,285455.0671201587,2.8545506712015944,237510.99059820824,47944.076521950665
406,2023-09-05,0,pre_1,0.0,0.0,0.0,-3097.6594067124825,-3097.6594067124825,-0.030976594067122498,282357.4077134462,2.823574077134472,237510.99059820824,44846.41711523818
407,2023-09-06,0,pre_1,0.0,0.0,0.0,-4737.596739677965,-4737.596739677965,-0.04737596739677885,277619.81097376824,2.776198109737682,237510.99059820824,40108.820375560215
408,2023-09-07,0,pre_1,0.0,0.0,0.0,9839.623997792723,9839.623997792723,0.09839623997791591,287459.43497156096,2.87459434971562,237510.99059820824,49948.44437335294
409,2023-09-08,0,pre_1,0.0,0.0,0.0,11843.991849194827,11843.991849194827,0.11843991849194158,299303.42682075576,2.9930342682075395,237510.99059820824,61792.43622254777
410,2023-09-11,0,pre_1,0.0,0.0,0.0,-546.6457776551033,-546.6457776551033,-0.005466457776559519,298756.78104310064,2.9875678104310133,237510.99059820824,61245.790444892664
411,2023-09-12,0,pre_1,0.0,0.0,0.0,-3826.5204435860687,-3826.5204435860687,-0.03826520443586112,294930.2605995146,2.949302605995152,237510.99059820824,57419.27000130659
412,2023-09-13,0,pre_1,0.0,0.0,0.0,8564.117183264207,8564.117183264207,0.08564117183265108,303494.3777827788,3.034943777827781,237510.99059820824,65983.3871845708
413,2023-09-14,0,pre_1,0.0,0.0,0.0,5102.027258114758,5102.027258114758,0.05102027258114816,308596.4050408936,3.085964050408929,237510.99059820824,71085.41444268556
414,2023-09-15,0,pre_1,197.97516113900082,0.0,197.97516113900082,-2000.5854064925359,-1802.610245353535,-0.020005854064930606,306595.81963440106,3.0659581963440097,237510.99059820824,69084.82903619303
415,2023-09-18,0,pre_1,0.0,0.0,0.0,13129.84438859693,13129.84438859693,0.13129844388597434,319725.664022998,3.197256640229984,237510.99059820824,82214.67342478996
416,2023-09-19,0,pre_1,0.0,0.0,0.0,-383.92584206892025,-383.92584206892025,-0.003839258420690328,319341.7381809291,3.1934173818092937,237510.99059820824,81830.74758272104
417,2023-09-20,0,pre_1,0.0,0.0,0.0,-17756.0991946856,-17756.0991946856,-0.17756099194684571,301585.6389862435,3.015856389862437,237510.99059820824,64074.64838803544
418,2023-09-21,0,pre_1,0.0,0.0,0.0,8491.765896938778,8491.765896938778,0.08491765896938563,310077.4048831823,3.1007740488318225,237510.99059820824,72566.41428497422
419,2023-09-22,0,pre_1,0.0,0.0,0.0,-7798.939585937051,-7798.939585937051,-0.07798939585936804,302278.46529724525,3.0227846529724545,237510.99059820824,64767.47469903717
420,2023-09-25,0,pre_1,0.0,0.0,0.0,10586.502397602153,10586.502397602153,0.10586502397602615,312864.9676948474,3.1286496769484584,237510.99059820824,75353.97709663933
421,2023-09-26,0,pre_1,0.0,0.0,0.0,14680.89103299766,14680.89103299766,0.14680891032996524,327545.858727845,3.275458587278446,237510.99059820824,90034.86812963699
422,2023-09-27,0,pre_1,0.0,0.0,0.0,-5071.904375027725,-5071.904375027725,-0.050719043750280246,322473.95435281727,3.2247395435281767,237510.99059820824,84962.96375460927
423,2023-09-28,0,pre_1,0.0,0.0,0.0,9072.968439769502,9072.968439769502,0.09072968439769458,331546.9227925868,3.3154692279258713,237510.99059820824,94035.93219437878
424,2023-10-09,0,pre_1,190.5887829128838,0.0,190.5887829128838,18148.190915299507,18338.77969821239,0.18148190915299178,349695.1137078863,3.496951137078863,237510.99059820824,112184.12310967829
425,2023-10-10,0,pre_1,189.08439855380996,189.08439855380996,0.0,325.9605353180855,515.0449338718954,0.003259605353167494,350021.0742432044,3.5002107424320528,235650.36802290575,114370.70622029887
426,2023-10-11,0,pre_1,0.0,0.0,0.0,-210.8601816092778,-210.8601816092778,-0.0021086018160865194,349810.2140615951,3.498102140615944,237990.52147035385,111819.6925912415
427,2023-10-12,0,pre_1,0.0,0.0,0.0,14522.886814081448,14522.886814081448,0.14522886814081204,364333.10087567655,3.643331008756756,246682.51998944697,117650.58088622984
428,2023-10-13,0,pre_1,0.0,0.0,0.0,1763.384786706074,1763.384786706074,0.017633847867060126,366096.4856623826,3.660964856623816,249356.98107224493,116739.50459013795
429,2023-10-16,0,pre_1,194.16587461112593,194.16587461112593,0.0,16822.444723745768,17016.610598356892,0.16822444723745278,382918.93038612837,3.829189303861269,262535.1206116231,120383.80977450553
430,2023-10-17,0,pre_1,0.0,0.0,0.0,17310.44962574655,17310.44962574655,0.17310449625747015,400229.38001187495,4.002293800118761,262535.1206116231,137694.25940025208
431,2023-10-18,0,pre_1,378.85429474542366,198.8985047413474,179.95579000407622,-4628.822344774034,-4249.96805002861,-0.046288223447743526,395600.5576671009,3.956005576671018,258086.25405685298,137514.30361024817
432,2023-10-19,0,pre_1,0.0,0.0,0.0,1821.414878583846,1821.414878583846,0.018214148785844486,397421.9725456848,3.9742197254568623,259907.6689354368,137514.30361024817
433,2023-10-20,0,pre_1,0.0,0.0,0.0,1214.276585722564,1214.276585722564,0.012142765857214854,398636.24913140736,3.986362491314077,261121.9455211594,137514.30361024817
434,2023-10-23,0,pre_1,0.0,0.0,0.0,-4452.3474809826075,-4452.3474809826075,-0.044523474809821106,394183.90165042476,3.941839016504245,256669.5980401768,137514.30361024817
435,2023-10-24,0,pre_1,0.0,0.0,0.0,-6678.52122147372,-6678.52122147372,-0.06678521221473721,387505.38042895106,3.875053804289519,249991.07681870306,137514.30361024817
436,2023-10-25,0,pre_1,0.0,0.0,0.0,-1011.8971547689307,-1011.8971547689307,-0.010118971547690148,386493.48327418213,3.8649348327418176,248979.17966393413,137514.30361024817
437,2023-10-26,0,pre_1,0.0,0.0,0.0,13357.042442947632,13357.042442947632,0.13357042442947442,399850.52571712976,3.998505257171292,262336.2221068818,137514.30361024817
438,2023-10-27,0,pre_1,0.0,0.0,0.0,2630.9326023989524,2630.9326023989524,0.026309326023987722,402481.4583195287,4.02481458319528,264967.15470928076,137514.30361024817
439,2023-10-30,0,pre_1,0.0,0.0,0.0,-7285.659514335193,-7285.659514335193,-0.07285659514335574,395195.7988051935,3.951957988051946,257681.49519494557,137514.30361024817
440,2023-10-31,0,pre_1,0.0,0.0,0.0,-7083.280083381369,-7083.280083381369,-0.07083280083380883,388112.5187218121,3.881125187218104,250598.2151115642,137514.30361024817
441,2023-11-01,0,pre_1,0.0,0.0,0.0,1011.8971547689307,1011.8971547689307,0.010118971547679045,389124.41587658104,3.8912441587658053,251610.11226633313,137514.30361024817
442,2023-11-02,0,pre_1,0.0,0.0,0.0,6273.762359566263,6273.762359566263,0.0627376235956767,395398.17823614733,3.953981782361482,257883.8746258994,137514.30361024817
443,2023-11-03,0,pre_1,0.0,0.0,0.0,6071.382928612438,6071.382928612438,0.06071382928611868,401469.5611647598,4.014695611647601,263955.25755451183,137514.30361024817
444,2023-11-06,0,pre_1,0.0,0.0,0.0,4047.58861907515,4047.58861907515,0.04047588619076059,405517.14978383493,4.055171497838339,268002.84617358696,137514.30361024817
445,2023-11-07,0,pre_1,0.0,0.0,0.0,-1416.6560166763884,-1416.6560166763884,-0.014166560166761766,404100.49376715854,4.041004937671588,266586.19015691057,137514.30361024817
446,2023-11-08,0,pre_1,199.7484983513532,199.7484983513532,0.0,-199.7484983513532,0.0,-0.0019974849835180386,403900.74526880716,4.039007452688059,266386.4416585592,137514.30361024817
447,2023-11-09,0,pre_1,191.39311898769114,0.0,191.39311898769114,-1733.3316405400928,-1541.9385215524017,-0.017333316405399035,402167.41362826707,4.021674136282671,266386.4416585592,135780.97196970807
448,2023-11-10,0,pre_1,0.0,0.0,0.0,10022.600390090338,10022.600390090338,0.10022600390089398,412190.0140183574,4.121900140183565,266386.4416585592,145803.57235979842
449,2023-11-13,0,pre_1,189.69698661398354,0.0,189.69698661398354,-189.69698661398354,0.0,-0.0018969698661330803,412000.3170317434,4.120003170317421,266386.4416585592,145613.87537318445
450,2023-11-14,0,pre_1,190.08732145985917,190.08732145985917,0.0,7666.142109258735,7856.229430718595,0.07666142109257201,419666.45914100215,4.196664591410038,274052.58376781794,145613.87537318445
451,2023-11-15,0,pre_1,0.0,0.0,0.0,25073.07265123036,25073.07265123036,0.2507307265122938,444739.53179223253,4.447395317922331,299125.6564190483,145613.87537318445
452,2023-11-16,0,pre_1,588.0812333596061,197.34179714694844,390.73943621265767,-533.5899031203901,54.49133023921604,-0.005335899031200242,444205.9418891121,4.442059418891131,302271.39097539877,141934.55091371364
453,2023-11-17,0,pre_1,0.0,0.0,0.0,-7852.91509551811,-7852.91509551811,-0.07852915095517554,436353.026793594,4.3635302679359445,302271.39097539877,134081.63581819553
454,2023-11-20,0,pre_1,0.0,0.0,0.0,4849.1178801714705,4849.1178801714705,0.04849117880170173,441202.14467376546,4.412021446737646,302271.39097539877,138930.75369836699
455,2023-11-21,0,pre_1,0.0,0.0,0.0,950.0887434104152,950.0887434104152,0.009500887434099603,442152.2334171759,4.421522334171768,302271.39097539877,139880.8424417774
456,2023-11-22,0,pre_1,0.0,0.0,0.0,-2481.7187676036338,-2481.7187676036338,-0.024817187676040575,439670.51464957226,4.396705146495727,302271.39097539877,137399.12367417378
457,2023-11-23,0,pre_1,0.0,0.0,0.0,2725.6380778361563,2725.6380778361563,0.02725638077836212,442396.1527274084,4.4239615272740895,302271.39097539877,140124.76175200994
458,2023-11-24,0,pre_1,0.0,0.0,0.0,-320.684802790056,-320.684802790056,-0.003206848027892395,442075.46792461834,4.420754679246186,302271.39097539877,139804.0769492199
459,2023-11-27,0,pre_1,0.0,0.0,0.0,-35902.173805218335,-35902.173805218335,-0.35902173805217874,406173.2941194,4.061732941193985,302271.39097539877,103901.90314400155
460,2023-11-28,0,pre_1,0.0,0.0,0.0,-2611.3184227999227,-2611.3184227999227,-0.026113184227993802,403561.97569660004,4.035619756966002,302271.39097539877,101290.58472120162
461,2023-11-29,0,pre_1,0.0,0.0,0.0,-1900.1774868210487,-1900.1774868210487,-0.019001774868199206,401661.79820977896,4.016617982097781,302271.39097539877,99390.40723438057
462,2023-11-30,0,pre_1,0.0,0.0,0.0,-2652.186920479435,-2652.186920479435,-0.026521869204787496,399009.61128929956,3.9900961128930046,302271.39097539877,96738.22031390114
463,2023-12-01,0,pre_1,0.0,0.0,0.0,6372.462066363187,6372.462066363187,0.06372462066364104,405382.07335566275,4.053820733556646,302271.39097539877,103110.68238026433
464,2023-12-04,0,pre_1,193.28199367659283,0.0,193.28199367659283,-8651.669699896467,-8458.387706219874,-0.0865166969989617,396730.4036557663,3.9673040365576506,302271.39097539877,94459.01268036787
465,2023-12-05,0,pre_1,0.0,0.0,0.0,33932.224987998125,33932.224987998125,0.33932224987998083,430662.6286437644,4.3066262864376315,302271.39097539877,128391.237668366
466,2023-12-06,0,pre_1,200.08311975681625,0.0,200.08311975681625,3310.1470514153357,3510.230171172152,0.03310147051414081,433972.77569517976,4.3397277569517945,302271.39097539877,131701.38471978134
467,2023-12-07,0,pre_1,0.0,0.0,0.0,0.0,0.0,0.0,433972.77569517976,4.3397277569517945,302271.39097539877,131701.38471978134
468,2023-12-08,0,pre_1,0.0,0.0,0.0,0.0,0.0,0.0,433972.77569517976,4.3397277569517945,302271.39097539877,131701.38471978134
469,2023-12-11,0,pre_1,0.0,0.0,0.0,0.0,0.0,0.0,433972.77569517976,4.3397277569517945,302271.39097539877,131701.38471978134
470,2023-12-12,0,pre_1,0.0,0.0,0.0,0.0,0.0,0.0,433972.77569517976,4.3397277569517945,302271.39097539877,131701.38471978134
471,2023-12-13,0,pre_1,0.0,0.0,0.0,0.0,0.0,0.0,433972.77569517976,4.3397277569517945,302271.39097539877,131701.38471978134
472,2023-12-14,0,pre_1,0.0,0.0,0.0,0.0,0.0,0.0,433972.77569517976,4.3397277569517945,302271.39097539877,131701.38471978134
473,2023-12-15,0,pre_1,0.0,0.0,0.0,0.0,0.0,0.0,433972.77569517976,4.3397277569517945,302271.39097539877,131701.38471978134
474,2023-12-18,0,pre_1,0.0,0.0,0.0,0.0,0.0,0.0,433972.77569517976,4.3397277569517945,302271.39097539877,131701.38471978134
475,2023-12-19,0,pre_1,0.0,0.0,0.0,0.0,0.0,0.0,433972.77569517976,4.3397277569517945,302271.39097539877,131701.38471978134
476,2023-12-20,0,pre_1,195.69597527498306,195.69597527498306,0.0,3662.18276536075,3857.8787406357333,0.036621827653604555,437634.9584605405,4.376349584605399,305933.5737407595,131701.38471978134
477,2023-12-21,0,pre_1,0.0,0.0,0.0,8730.988728807015,8730.988728807015,0.08730988728806732,446365.9471893475,4.4636594718934886,314664.56246956653,131701.38471978134
478,2023-12-22,0,pre_1,0.0,0.0,0.0,406.09249901425756,406.09249901425756,0.0040609249901457645,446772.0396883618,4.467720396883612,315070.6549685808,131701.38471978134
479,2023-12-25,0,pre_1,0.0,0.0,0.0,4670.063738664248,4670.063738664248,0.04670063738665409,451442.1034270261,4.514421034270266,319740.7187072451,131701.38471978134
480,2023-12-26,0,pre_1,198.98532451699873,198.98532451699873,0.0,-1417.2628215597715,-1218.2774970427727,-0.014172628215591843,450024.8406054663,4.500248406054652,318323.4558856853,131701.38471978134
481,2023-12-27,0,pre_1,0.0,0.0,0.0,0.0,0.0,0.0,450024.8406054663,4.500248406054652,318323.4558856853,131701.38471978134
482,2023-12-28,0,pre_1,0.0,0.0,0.0,0.0,0.0,0.0,450024.8406054663,4.500248406054652,318323.4558856853,131701.38471978134
483,2023-12-29,0,pre_1,0.0,0.0,0.0,0.0,0.0,0.0,450024.8406054663,4.500248406054652,318323.4558856853,131701.38471978134
